-- phpMyAdmin SQL Dump
-- version 3.5.7
-- http://www.phpmyadmin.net
--
-- Хост: 127.0.0.1:3306
-- Время создания: Мар 31 2015 г., 12:05
-- Версия сервера: 5.1.68-community-log
-- Версия PHP: 5.3.23

SET SQL_MODE="NO_AUTO_VALUE_ON_ZERO";
SET time_zone = "+00:00";


/*!40101 SET @OLD_CHARACTER_SET_CLIENT=@@CHARACTER_SET_CLIENT */;
/*!40101 SET @OLD_CHARACTER_SET_RESULTS=@@CHARACTER_SET_RESULTS */;
/*!40101 SET @OLD_COLLATION_CONNECTION=@@COLLATION_CONNECTION */;
/*!40101 SET NAMES utf8 */;

--
-- База данных: `kupon`
--

-- --------------------------------------------------------

--
-- Структура таблицы `ads`
--

CREATE TABLE IF NOT EXISTS `ads` (
  `id` int(11) NOT NULL AUTO_INCREMENT,
  `category_id` int(11) NOT NULL,
  `city_id` int(11) NOT NULL,
  `user_id` int(11) NOT NULL,
  `type_id` int(11) NOT NULL,
  `title` varchar(255) NOT NULL,
  `details` text NOT NULL,
  `price` decimal(8,2) NOT NULL DEFAULT '0.00',
  `author` varchar(255) NOT NULL,
  `email` varchar(400) NOT NULL,
  `phone` varchar(255) NOT NULL,
  `address` text NOT NULL,
  `date_pub` int(11) NOT NULL,
  `date_end` int(11) NOT NULL,
  `checked` tinyint(1) NOT NULL DEFAULT '0',
  `views` int(11) NOT NULL,
  `status` tinyint(1) NOT NULL DEFAULT '0',
  `x` float(7,4) DEFAULT NULL,
  `y` float(7,4) DEFAULT NULL,
  PRIMARY KEY (`id`),
  KEY `category_id` (`category_id`),
  KEY `city_id` (`city_id`),
  KEY `user_id` (`user_id`),
  KEY `type_id` (`type_id`)
) ENGINE=InnoDB  DEFAULT CHARSET=utf8 AUTO_INCREMENT=16 ;

--
-- Дамп данных таблицы `ads`
--

INSERT INTO `ads` (`id`, `category_id`, `city_id`, `user_id`, `type_id`, `title`, `details`, `price`, `author`, `email`, `phone`, `address`, `date_pub`, `date_end`, `checked`, `views`, `status`, `x`, `y`) VALUES
(2, 1, 1, 1, 1, 'Первое объявление', 'Три магнитофона, куртки кожаные три, портсигар отечественный три.', '300.00', 'Петро', 'petro@mail.ru', '+546546546546', 'dsfsdfsdfsdfsd', 1369320402, 1371480402, 1, 6, 1, NULL, NULL),
(3, 1, 1, 1, 1, 'Второе объявление', 'Требуется исполнитель на постоянное сотрудничество по созданию сайтов на базе шаблонов (Вордпрес или МОДх). В месяц готовы давать по 15–20 сайтов. ТЗ даётся чёткое, развернутое. Контент прилагается. \r\n Имеется ТЗ на пилотный проект.\r\n Оплата сдельная: 50$/сайт\r\n Перевод любым удобным способом.', '500000.00', 'Васыль', 'vasil@nm.ru', '+156654654654', 'цукцукцу ук цук цукцукцк цук цукцуцу ', 1368877712, 1371037712, 1, 4, 1, NULL, NULL),
(7, 2, 1, 4, 1, 'товар с изображениями', 'Котята, красивые. Серые пушистые, возраст 2 месяца. Кушают все. Ходят на горшок.', '100.00', 'Иван Иванович Тараторкин', 'taratorkin@nm.ru', '1212312312', 'Щелково ул. Железной дивизии офис 12', 1368532182, 1370692182, 1, 0, 1, NULL, NULL),
(8, 1, 1, 4, 1, 'fffffffffffffffffffff', 'vvvvvvvvvvvvvvvvvvvvvvvvvvvvvvvvvvvvvvvvvv', '100.00', 'vvvvvvvvvvvv', 'ads@nm.ru', '55555555555555', 'zxczxczxczxc', 1368532260, 1370692260, 1, 5, 1, NULL, NULL),
(9, 1, 1, 4, 1, 'bbbbbbbbbbbbbb', 'bbbbbbbbbbbbbbbbbbbbbbbbbbb', '300.00', 'bbbbbbbbbbbbbbbbbbb', 'bbbb@nm.ru', '45234523423', 'dfgdfgdf dfgdfg dfgdf', 1368532391, 1370692391, 0, 0, 0, NULL, NULL),
(10, 1, 1, 4, 1, 'mmmmmm', 'mmmmmmmmmmmmmmmmmmmmmmmmmmmmmmm', '200.00', 'mmmmmmmmmmmmmm', 'mmm@nm.nm', '34534534534', 'cvbcvb vbcvb cv', 1368532619, 1370692619, 1, 3, 1, NULL, NULL),
(11, 2, 1, 4, 1, 'xcvxcvxcvx', 'xcvxcsdfsd sdfsdf sdfsfwerwer werwe werwe r', '300.00', 'xcvxcvxcvx', 'sddfsdf@nm.ru', '234234234', 'г. Щелково ул. Петровского д. 7', 1368619422, 1370779422, 1, 3, 1, NULL, NULL),
(12, 2, 1, 4, 1, 'без адреса', 'Оператор for [править]\r\n\r\nОператор for в Python немного отличается от того, какой вы, возможно, использовали в C или Pascal. Вместо неизменного прохождения по арифметической прогрессии из чисел (как в Pascal) или предоставления пользователю возможности указать шаг итерации и условие останова (как в С), оператор for в Python проходит по всем элементам любой последовательности (списка или строки) в том порядке, в котором они в ней располагаются. Например (игра слов не подразумевалась):[15]', '0.00', 'Моисей Абрамович Кац', 'ads@nm.ru', '234234234234', '', 1368620508, 1370780508, 1, 2, 1, NULL, NULL),
(13, 1, 1, 4, 1, 'xcvxcvxcvx', 'vxcvxcvxcvx', '0.00', 'xcvxcvxcv', 'cvxcvxcvx', 'xcvxcvxcvxc', '', 1368746932, 1370906932, 0, 1, 0, NULL, NULL),
(14, 1, 1, 4, 1, 'dfgdfgdfgdfgd', 'gdfgdfgdfgdfgdf', '0.00', 'retertert', 'erterterte', 'ghjghjghjghj', '', 1368747646, 1370907646, 0, 2, 0, NULL, NULL),
(15, 1, 1, 4, 1, 'gggggggggggg', 'ggggggggggggggggg', '0.00', 'ggggggggg', 'ggggggggg', 'gggggggggggg', '', 1368781021, 1370941021, 0, 3, 0, NULL, NULL);

-- --------------------------------------------------------

--
-- Структура таблицы `ads_img`
--

CREATE TABLE IF NOT EXISTS `ads_img` (
  `id` int(11) NOT NULL AUTO_INCREMENT,
  `ads_id` int(11) NOT NULL,
  `img` varchar(255) NOT NULL,
  `thumb` varchar(255) NOT NULL,
  `status` tinyint(1) NOT NULL DEFAULT '1',
  PRIMARY KEY (`id`),
  KEY `goods_id` (`ads_id`)
) ENGINE=InnoDB  DEFAULT CHARSET=utf8 AUTO_INCREMENT=71 ;

--
-- Дамп данных таблицы `ads_img`
--

INSERT INTO `ads_img` (`id`, `ads_id`, `img`, `thumb`, `status`) VALUES
(8, 8, '/content/board/uploads/8658a98271809c220c67e17dd9700485.jpg', '/content/board/uploads/thumbs/8658a98271809c220c67e17dd9700485.jpg', 1),
(9, 8, '/content/board/uploads/e9d911a21c204f5d4c1dd15facb48531.jpg', '/content/board/uploads/thumbs/e9d911a21c204f5d4c1dd15facb48531.jpg', 1),
(10, 8, '/content/board/uploads/8270f6a28144e35cdb65175e3d59725d.jpg', '/content/board/uploads/thumbs/8270f6a28144e35cdb65175e3d59725d.jpg', 1),
(11, 8, '/content/board/uploads/bec767224e92683989dc0137ede306b8.jpg', '/content/board/uploads/thumbs/bec767224e92683989dc0137ede306b8.jpg', 1),
(12, 9, '/content/board/uploads/699c735859dc7f47c0847da8714c153e.png', '/content/board/uploads/thumbs/699c735859dc7f47c0847da8714c153e.png', 1),
(13, 9, '/content/board/uploads/8d1cc958aab57e566d3e28d8062654b9.jpg', '/content/board/uploads/thumbs/8d1cc958aab57e566d3e28d8062654b9.jpg', 1),
(14, 9, '/content/board/uploads/26f4b7e463a3684839d73ed33a2f00a9.jpg', '/content/board/uploads/thumbs/26f4b7e463a3684839d73ed33a2f00a9.jpg', 1),
(15, 10, '/content/board/uploads/d1ad7225c65bcb1bc3f280ba046f9487.jpg', '/content/board/uploads/thumbs/d1ad7225c65bcb1bc3f280ba046f9487.jpg', 1),
(16, 10, '/content/board/uploads/e35fc49d12f6f32bb6a03063e35fdd34.jpg', '/content/board/uploads/thumbs/e35fc49d12f6f32bb6a03063e35fdd34.jpg', 1),
(17, 10, '/content/board/uploads/76a92da9c345963883a838af4609816c.jpg', '/content/board/uploads/thumbs/76a92da9c345963883a838af4609816c.jpg', 1),
(18, 11, '/content/board/uploads/9cac8568acf1bdadb27c86829c8eaa86.jpg', '/content/board/uploads/thumbs/9cac8568acf1bdadb27c86829c8eaa86.jpg', 1),
(19, 11, '/content/board/uploads/42825fad123f942bd26a4e3998785e57.jpg', '/content/board/uploads/thumbs/42825fad123f942bd26a4e3998785e57.jpg', 1),
(20, 11, '/content/board/uploads/25559ffa70d5470ef1a487dcdbe10d20.jpg', '/content/board/uploads/thumbs/25559ffa70d5470ef1a487dcdbe10d20.jpg', 1),
(21, 11, '/content/board/uploads/59fa060f41be09e04225317f383e9b31.jpg', '/content/board/uploads/thumbs/59fa060f41be09e04225317f383e9b31.jpg', 1),
(22, 11, '/content/board/uploads/3c9d166544f72701d484d9542b798f9d.jpg', '/content/board/uploads/thumbs/3c9d166544f72701d484d9542b798f9d.jpg', 1),
(23, 11, '/content/board/uploads/5a1a992d3579e3293ec7c6f0db474c71.jpg', '/content/board/uploads/thumbs/5a1a992d3579e3293ec7c6f0db474c71.jpg', 1),
(24, 11, '/content/board/uploads/3baa2c319ef09473870a9648ee9af67b.jpg', '/content/board/uploads/thumbs/3baa2c319ef09473870a9648ee9af67b.jpg', 1),
(25, 11, '/content/board/uploads/546a908c479bd1aa149f5198f0168057.jpg', '/content/board/uploads/thumbs/546a908c479bd1aa149f5198f0168057.jpg', 1),
(26, 11, '/content/board/uploads/8f44f0c1302a31ac7f927d667ca889f6.jpg', '/content/board/uploads/thumbs/8f44f0c1302a31ac7f927d667ca889f6.jpg', 1),
(27, 11, '/content/board/uploads/23cfd1d563949d8ef20b7bd0a24f17c1.jpg', '/content/board/uploads/thumbs/23cfd1d563949d8ef20b7bd0a24f17c1.jpg', 1),
(28, 11, '/content/board/uploads/b1da27ccdba22ac22d105d0d4b3fb903.jpg', '/content/board/uploads/thumbs/b1da27ccdba22ac22d105d0d4b3fb903.jpg', 1),
(29, 11, '/content/board/uploads/1653d23edf8da48d996064f6454420d8.jpg', '/content/board/uploads/thumbs/1653d23edf8da48d996064f6454420d8.jpg', 1),
(30, 11, '/content/board/uploads/d4ae68107f9b9d3f9b11cc28a5a6bd29.jpg', '/content/board/uploads/thumbs/d4ae68107f9b9d3f9b11cc28a5a6bd29.jpg', 1),
(31, 11, '/content/board/uploads/382bb3422e3f2e13d09fb1b3e4fd5adf.jpg', '/content/board/uploads/thumbs/382bb3422e3f2e13d09fb1b3e4fd5adf.jpg', 1),
(32, 11, '/content/board/uploads/1f62468989000202bb549df7a76408dd.jpg', '/content/board/uploads/thumbs/1f62468989000202bb549df7a76408dd.jpg', 1),
(33, 11, '/content/board/uploads/76dbdf97fdca168d783ebf10b76d1525.jpg', '/content/board/uploads/thumbs/76dbdf97fdca168d783ebf10b76d1525.jpg', 1),
(34, 11, '/content/board/uploads/1a8c590128613a57ac4eb469fca37563.jpg', '/content/board/uploads/thumbs/1a8c590128613a57ac4eb469fca37563.jpg', 1),
(35, 11, '/content/board/uploads/443ba1eb0922482ad284943067ffba92.jpg', '/content/board/uploads/thumbs/443ba1eb0922482ad284943067ffba92.jpg', 1),
(36, 11, '/content/board/uploads/d33c241d107886f83b15ff29dcf62c42.jpg', '/content/board/uploads/thumbs/d33c241d107886f83b15ff29dcf62c42.jpg', 1),
(37, 12, '/content/board/uploads/a95b42335e8aa55932dea8eedb99318c.jpg', '/content/board/uploads/thumbs/a95b42335e8aa55932dea8eedb99318c.jpg', 1),
(38, 12, '/content/board/uploads/65d5449328e91ae56eb0567de4170e3f.jpg', '/content/board/uploads/thumbs/65d5449328e91ae56eb0567de4170e3f.jpg', 1),
(39, 12, '/content/board/uploads/06aabbd11b8ba17a0fcd5e86695d7bee.jpg', '/content/board/uploads/thumbs/06aabbd11b8ba17a0fcd5e86695d7bee.jpg', 1),
(40, 8, '/content/board/uploads/488afd22689361f76f3ee748abca7652.jpg', '/content/board/uploads/thumbs/488afd22689361f76f3ee748abca7652.jpg', 1),
(41, 8, '/content/board/uploads/24cfdf4c61df8bb1372b204deea310cb.jpg', '/content/board/uploads/thumbs/24cfdf4c61df8bb1372b204deea310cb.jpg', 1),
(42, 8, '/content/board/uploads/4e523c9b2769a45bad80ed43ac6baa13.jpg', '/content/board/uploads/thumbs/4e523c9b2769a45bad80ed43ac6baa13.jpg', 1),
(43, 8, '/content/board/uploads/e7c1c288c9e4d328626fbef4ff954d86.jpg', '/content/board/uploads/thumbs/e7c1c288c9e4d328626fbef4ff954d86.jpg', 1),
(44, 13, '/content/board/uploads/2a5ba0308b2ab110ea737e0529dc2794.jpg', '/content/board/uploads/thumbs/2a5ba0308b2ab110ea737e0529dc2794.jpg', 1),
(45, 8, '/content/board/uploads/f693103860f6dfa1accbe69fa2df2660.jpg', '/content/board/uploads/thumbs/f693103860f6dfa1accbe69fa2df2660.jpg', 1),
(46, 8, '/content/board/uploads/29c1c918e092f6b2d546769187e81dad.jpg', '/content/board/uploads/thumbs/29c1c918e092f6b2d546769187e81dad.jpg', 1),
(47, 8, '/content/board/uploads/12d6c6aac7126caf97486654990d904b.jpg', '/content/board/uploads/thumbs/12d6c6aac7126caf97486654990d904b.jpg', 1),
(51, 15, '/content/board/uploads/25f5e7933cb28a4837d9297289877385.jpg', '/content/board/uploads/thumbs/25f5e7933cb28a4837d9297289877385.jpg', 1),
(52, 15, '/content/board/uploads/81a48c979facc8419504b8b149547bf5.jpg', '/content/board/uploads/thumbs/81a48c979facc8419504b8b149547bf5.jpg', 1),
(58, 3, '/content/board/uploads/f5c2978e163bd87911ab9e51c7fca370.jpg', '/content/board/uploads/thumbs/f5c2978e163bd87911ab9e51c7fca370.jpg', 1),
(59, 3, '/content/board/uploads/b07f3b6ec46651df2a48db0660b6d7b7.jpg', '/content/board/uploads/thumbs/b07f3b6ec46651df2a48db0660b6d7b7.jpg', 1),
(60, 3, '/content/board/uploads/5b52b6adcb688e1125d8e097f369c5f7.jpg', '/content/board/uploads/thumbs/5b52b6adcb688e1125d8e097f369c5f7.jpg', 1),
(67, 2, '/content/board/uploads/57d18a9435251dcc0237fc5a25698e98.jpg', '/content/board/uploads/thumbs/57d18a9435251dcc0237fc5a25698e98.jpg', 1),
(68, 2, '/content/board/uploads/5fd9168fcdbb0c07d5c8ed6875f3b039.jpg', '/content/board/uploads/thumbs/5fd9168fcdbb0c07d5c8ed6875f3b039.jpg', 1),
(69, 2, '/content/board/uploads/dfccac4b41237dcc5b06e8886074eb63.jpg', '/content/board/uploads/thumbs/dfccac4b41237dcc5b06e8886074eb63.jpg', 1),
(70, 2, '/content/board/uploads/048bc07029e23ee53185d344e557fe58.jpg', '/content/board/uploads/thumbs/048bc07029e23ee53185d344e557fe58.jpg', 1);

-- --------------------------------------------------------

--
-- Структура таблицы `auto`
--

CREATE TABLE IF NOT EXISTS `auto` (
  `id` int(11) NOT NULL AUTO_INCREMENT,
  `category_id` int(11) NOT NULL,
  `city_id` int(11) NOT NULL,
  `user_id` int(11) NOT NULL,
  `type_id` int(11) NOT NULL,
  `title` varchar(255) NOT NULL,
  `mark` varchar(255) NOT NULL DEFAULT '''''',
  `model` varchar(255) NOT NULL DEFAULT '''''',
  `year` int(4) DEFAULT NULL,
  `milage` int(7) DEFAULT NULL,
  `details` text NOT NULL,
  `price` decimal(12,2) NOT NULL DEFAULT '0.00',
  `author` varchar(255) NOT NULL,
  `email` varchar(400) NOT NULL,
  `phone` varchar(255) NOT NULL,
  `address` text,
  `date_pub` int(11) NOT NULL,
  `date_end` int(11) NOT NULL,
  `checked` tinyint(1) NOT NULL DEFAULT '0',
  `views` int(11) NOT NULL,
  `status` tinyint(1) NOT NULL DEFAULT '0',
  `x` float(7,4) DEFAULT NULL,
  `y` float(7,4) DEFAULT NULL,
  PRIMARY KEY (`id`),
  KEY `category_id` (`category_id`),
  KEY `city_id` (`city_id`),
  KEY `user_id` (`user_id`),
  KEY `type_id` (`type_id`)
) ENGINE=InnoDB  DEFAULT CHARSET=utf8 AUTO_INCREMENT=3 ;

--
-- Дамп данных таблицы `auto`
--

INSERT INTO `auto` (`id`, `category_id`, `city_id`, `user_id`, `type_id`, `title`, `mark`, `model`, `year`, `milage`, `details`, `price`, `author`, `email`, `phone`, `address`, `date_pub`, `date_end`, `checked`, `views`, `status`, `x`, `y`) VALUES
(1, 1, 1, 1, 1, 'bbbbbbbbbb', 'vvvvvvvv', 'ccccccccc', 1234, 111111, 'sadasdasasda', '0.00', 'zxczxzxzx', '', 'xzzxczxc', 'zxczxczx', 0, 0, 0, 0, 0, NULL, NULL),
(2, 1, 1, 1, 1, 'gggggggggg', 'gggggg', '', 4353, 345345, 'dfsfsdfs sdfsdfsdf', '0.00', '', '', '', NULL, 0, 0, 0, 0, 0, NULL, NULL);

-- --------------------------------------------------------

--
-- Структура таблицы `auto_category`
--

CREATE TABLE IF NOT EXISTS `auto_category` (
  `id` int(11) NOT NULL AUTO_INCREMENT,
  `name` varchar(255) NOT NULL,
  `status` tinyint(1) NOT NULL DEFAULT '1',
  `flag_type` enum('auto','other','spares') NOT NULL DEFAULT 'auto',
  PRIMARY KEY (`id`)
) ENGINE=InnoDB  DEFAULT CHARSET=utf8 AUTO_INCREMENT=6 ;

--
-- Дамп данных таблицы `auto_category`
--

INSERT INTO `auto_category` (`id`, `name`, `status`, `flag_type`) VALUES
(1, 'Автомобили', 1, 'auto'),
(2, 'Автозапчасти', 1, 'spares'),
(3, 'Мото/Вело', 1, 'other'),
(4, 'Грузовые и спецтехника', 1, 'other'),
(5, 'Прочий транспорт', 1, 'other');

-- --------------------------------------------------------

--
-- Структура таблицы `auto_img`
--

CREATE TABLE IF NOT EXISTS `auto_img` (
  `id` int(11) NOT NULL AUTO_INCREMENT,
  `ads_id` int(11) NOT NULL,
  `img` varchar(255) NOT NULL,
  `thumb` varchar(255) NOT NULL,
  `status` tinyint(1) NOT NULL DEFAULT '1',
  PRIMARY KEY (`id`),
  KEY `goods_id` (`ads_id`)
) ENGINE=InnoDB DEFAULT CHARSET=utf8 AUTO_INCREMENT=1 ;

-- --------------------------------------------------------

--
-- Структура таблицы `auto_types`
--

CREATE TABLE IF NOT EXISTS `auto_types` (
  `id` int(11) NOT NULL AUTO_INCREMENT,
  `name` varchar(128) NOT NULL,
  `title` varchar(255) NOT NULL,
  `status` tinyint(1) NOT NULL,
  PRIMARY KEY (`id`)
) ENGINE=InnoDB  DEFAULT CHARSET=utf8 AUTO_INCREMENT=4 ;

--
-- Дамп данных таблицы `auto_types`
--

INSERT INTO `auto_types` (`id`, `name`, `title`, `status`) VALUES
(1, 'sale', 'Продать', 1),
(2, 'buy', 'Купить', 1),
(3, 'exchange', 'Обменять', 1);

-- --------------------------------------------------------

--
-- Структура таблицы `banners`
--

CREATE TABLE IF NOT EXISTS `banners` (
  `id` int(11) NOT NULL AUTO_INCREMENT,
  `name` varchar(255) NOT NULL COMMENT 'название баннера',
  `url` text NOT NULL COMMENT 'ссылка на ресурс',
  `img` varchar(255) DEFAULT NULL COMMENT 'изображение',
  `alt` varchar(255) DEFAULT NULL COMMENT 'альтернативный текст',
  `html` text COMMENT 'хтмл код',
  `city_id` int(11) NOT NULL COMMENT 'город',
  `user_id` int(11) DEFAULT NULL COMMENT 'пользователь',
  `width` int(4) NOT NULL COMMENT 'ширина',
  `height` int(4) NOT NULL COMMENT 'высота',
  `percent` int(4) NOT NULL COMMENT 'процент показа',
  `timer` int(4) NOT NULL DEFAULT '0',
  `pos_id` int(4) NOT NULL COMMENT 'позиция на странице(верх,низ,сбоку)',
  `num` int(11) NOT NULL COMMENT 'номер баннера на странице',
  `sdate` datetime NOT NULL COMMENT 'дата начала показа',
  `edate` datetime NOT NULL COMMENT 'дата окончания показа',
  `views` bigint(20) NOT NULL DEFAULT '0' COMMENT 'количество показов',
  `clicks` bigint(20) NOT NULL DEFAULT '0' COMMENT 'количество переходов',
  `status` tinyint(1) NOT NULL COMMENT 'сотояние(опубликован/нет)',
  PRIMARY KEY (`id`),
  KEY `city_id` (`city_id`,`pos_id`),
  KEY `pos_id` (`pos_id`)
) ENGINE=InnoDB  DEFAULT CHARSET=utf8 AUTO_INCREMENT=4 ;

--
-- Дамп данных таблицы `banners`
--

INSERT INTO `banners` (`id`, `name`, `url`, `img`, `alt`, `html`, `city_id`, `user_id`, `width`, `height`, `percent`, `timer`, `pos_id`, `num`, `sdate`, `edate`, `views`, `clicks`, `status`) VALUES
(1, 'первый', 'http://hh.ua', 'banner.gif', 'hh.ua', '', 1, NULL, 1100, 110, 20, 16, 1, 1, '2013-03-21 00:00:00', '2013-03-31 00:00:00', 1292, 0, 1),
(2, 'two', 'http://hh.ua', 'banner2.gif', 'banner2', '', 1, NULL, 1100, 110, 50, 41, 1, 1, '2013-03-20 00:00:00', '2013-03-30 00:00:00', 3247, 4, 1),
(3, 'three', 'http://ya.ru', 'banner3.gif', 'banner3', '', 1, NULL, 1100, 110, 30, 24, 1, 1, '2013-03-20 00:00:00', '2013-03-30 00:00:00', 1942, 1, 1);

-- --------------------------------------------------------

--
-- Структура таблицы `board_category`
--

CREATE TABLE IF NOT EXISTS `board_category` (
  `id` int(11) NOT NULL AUTO_INCREMENT,
  `name` varchar(255) NOT NULL,
  `status` tinyint(1) NOT NULL DEFAULT '1',
  PRIMARY KEY (`id`)
) ENGINE=InnoDB  DEFAULT CHARSET=utf8 AUTO_INCREMENT=5 ;

--
-- Дамп данных таблицы `board_category`
--

INSERT INTO `board_category` (`id`, `name`, `status`) VALUES
(1, 'Компьютеры, оргтехника', 1),
(2, 'Животные', 1),
(3, 'Одежда, обувь, ткани', 1),
(4, 'Спортинвентарь, туризм', 1);

-- --------------------------------------------------------

--
-- Структура таблицы `categories_company`
--

CREATE TABLE IF NOT EXISTS `categories_company` (
  `id` int(11) NOT NULL AUTO_INCREMENT,
  `status` tinyint(1) NOT NULL DEFAULT '1',
  `parent_id` int(11) DEFAULT NULL,
  `name` varchar(255) DEFAULT NULL,
  `sort` int(11) NOT NULL,
  PRIMARY KEY (`id`),
  KEY `parent_id` (`parent_id`)
) ENGINE=InnoDB  DEFAULT CHARSET=utf8 AUTO_INCREMENT=85 ;

--
-- Дамп данных таблицы `categories_company`
--

INSERT INTO `categories_company` (`id`, `status`, `parent_id`, `name`, `sort`) VALUES
(11, 0, NULL, 'test11111111', 0),
(12, 1, NULL, 'test2', 1),
(13, 1, NULL, 'test3', 2),
(14, 1, 11, 'subtest1', 3),
(15, 1, 11, 'subtest2', 4),
(16, 1, 12, 'subtest4', 5),
(17, 1, 12, 'subtest5', 6),
(18, 1, NULL, 'test6', 7),
(19, 1, NULL, 'trest7', 8),
(20, 1, NULL, 'test9', 9),
(57, 1, NULL, 'Недвижимость', 0),
(58, 1, NULL, 'Строительство и ремонт', 0),
(59, 1, NULL, 'Стройматериалы', 0),
(60, 1, NULL, 'Мебель и предметы интерьера', 0),
(61, 1, NULL, 'Спорт и отдых', 0),
(62, 1, NULL, 'Развлечения', 0),
(63, 1, NULL, 'Услуги', 0),
(64, 1, NULL, 'Бизнес, финансы и право', 0),
(65, 1, NULL, 'Транспорт', 0),
(66, 1, NULL, 'Магазины', 0),
(67, 1, NULL, 'Медицина и здравоохранение', 0),
(68, 1, NULL, 'Образование', 0),
(69, 1, NULL, 'ЖКХ', 0),
(70, 1, NULL, 'Официальные органы', 0),
(71, 1, NULL, 'Общество, культура и религия', 0),
(72, 1, NULL, 'Производство, опт. торговля', 0),
(73, 1, NULL, 'Полиграфия, реклама, СМИ', 0),
(74, 1, NULL, 'Связь', 0),
(75, 1, NULL, 'Домашние животные', 0),
(76, 1, NULL, 'root category', 0),
(80, 1, 11, 'dfgdfgdfg', 0),
(81, 1, 76, 'child category', 0),
(82, 1, NULL, 'Недвижимость Фрязино', 0),
(83, 1, 82, 'Агентства недвижимости', 0),
(84, 1, 82, 'Кадастровая палата. Регистрационная палата', 0);

-- --------------------------------------------------------

--
-- Структура таблицы `categories_kupon`
--

CREATE TABLE IF NOT EXISTS `categories_kupon` (
  `id` int(11) NOT NULL AUTO_INCREMENT,
  `name` varchar(255) NOT NULL,
  `pos` int(11) NOT NULL DEFAULT '0',
  `status` tinyint(1) NOT NULL,
  PRIMARY KEY (`id`)
) ENGINE=InnoDB  DEFAULT CHARSET=utf8 AUTO_INCREMENT=25 ;

--
-- Дамп данных таблицы `categories_kupon`
--

INSERT INTO `categories_kupon` (`id`, `name`, `pos`, `status`) VALUES
(1, 'Перваяvbnvb', 0, 1),
(2, 'cvbcВторая', 0, 1),
(3, 'Третья', 0, 1),
(4, 'Четвертая', 0, 1),
(5, 'sdfsdfsdfsd', 0, 1),
(6, 'sdfsdfsdfsdfsd', 0, 1),
(7, 'xcvxcvxcvxcvxc', 0, 1),
(8, 'ytutyutyutyuty', 0, 0),
(9, 'sadasdasdas', 0, 1),
(12, 'fsdfsdfsdfsdfvv', 0, 0),
(24, 'аываыва', 0, 1);

-- --------------------------------------------------------

--
-- Структура таблицы `category_types`
--

CREATE TABLE IF NOT EXISTS `category_types` (
  `id` int(11) NOT NULL AUTO_INCREMENT,
  `category_id` int(11) NOT NULL,
  `type_id` int(11) NOT NULL,
  PRIMARY KEY (`id`),
  KEY `category_id` (`category_id`),
  KEY `type_id` (`type_id`)
) ENGINE=InnoDB DEFAULT CHARSET=utf8 AUTO_INCREMENT=1 ;

-- --------------------------------------------------------

--
-- Структура таблицы `cities`
--

CREATE TABLE IF NOT EXISTS `cities` (
  `id_city` int(11) NOT NULL AUTO_INCREMENT,
  `name` varchar(255) NOT NULL,
  `alias` varchar(255) DEFAULT NULL,
  `state` tinyint(1) NOT NULL DEFAULT '1',
  PRIMARY KEY (`id_city`)
) ENGINE=InnoDB  DEFAULT CHARSET=utf8 AUTO_INCREMENT=4 ;

--
-- Дамп данных таблицы `cities`
--

INSERT INTO `cities` (`id_city`, `name`, `alias`, `state`) VALUES
(1, 'Щелково', 'schelkovo', 1),
(2, 'Фрязино', 'fryazino', 1),
(3, 'Одинцово', 'odintsovo', 1);

-- --------------------------------------------------------

--
-- Структура таблицы `comments`
--

CREATE TABLE IF NOT EXISTS `comments` (
  `id` int(11) NOT NULL AUTO_INCREMENT,
  `kupon_id` int(11) NOT NULL,
  `user_id` int(11) NOT NULL,
  `date` date NOT NULL,
  `content` text NOT NULL,
  `status` tinyint(1) NOT NULL DEFAULT '1',
  PRIMARY KEY (`id`),
  KEY `kupon_id` (`kupon_id`,`user_id`),
  KEY `user_id` (`user_id`)
) ENGINE=InnoDB  DEFAULT CHARSET=utf8 AUTO_INCREMENT=4 ;

--
-- Дамп данных таблицы `comments`
--

INSERT INTO `comments` (`id`, `kupon_id`, `user_id`, `date`, `content`, `status`) VALUES
(2, 2, 4, '2013-04-30', 'nnnnnnnnnnnnnnnnnnnnnnnnnnnnnnnn', 1),
(3, 2, 1, '2013-05-04', 'drgtreter trtert dgf xf gdfgdf gdfgdfg dfgdf gdfgdfg dfg dfgdf', 1);

-- --------------------------------------------------------

--
-- Структура таблицы `companies`
--

CREATE TABLE IF NOT EXISTS `companies` (
  `id` int(11) NOT NULL AUTO_INCREMENT,
  `city_id` int(11) NOT NULL,
  `category_id` int(11) NOT NULL,
  `user_id` int(11) DEFAULT NULL,
  `title` varchar(255) NOT NULL,
  `description` text NOT NULL,
  `logo` varchar(255) NOT NULL,
  `address` text NOT NULL,
  `boss` varchar(255) NOT NULL,
  `boss_contacts` tinytext NOT NULL,
  `boss_phones` tinytext NOT NULL,
  `schedule` tinytext NOT NULL,
  `phones` text NOT NULL,
  `link` varchar(255) NOT NULL,
  `video` text,
  `vote` int(11) DEFAULT NULL,
  `voters` int(11) DEFAULT NULL,
  `rating` int(11) DEFAULT NULL,
  `status` tinyint(1) NOT NULL,
  `checked` tinyint(1) DEFAULT '0',
  `views` bigint(20) NOT NULL DEFAULT '0',
  `x` float(7,4) DEFAULT NULL,
  `y` float(7,4) DEFAULT NULL,
  `parser_hash` varchar(32) DEFAULT NULL,
  PRIMARY KEY (`id`),
  KEY `city_id` (`city_id`),
  KEY `category_id` (`category_id`),
  KEY `user_id` (`user_id`)
) ENGINE=InnoDB  DEFAULT CHARSET=utf8 AUTO_INCREMENT=89 ;

--
-- Дамп данных таблицы `companies`
--

INSERT INTO `companies` (`id`, `city_id`, `category_id`, `user_id`, `title`, `description`, `logo`, `address`, `boss`, `boss_contacts`, `boss_phones`, `schedule`, `phones`, `link`, `video`, `vote`, `voters`, `rating`, `status`, `checked`, `views`, `x`, `y`, `parser_hash`) VALUES
(7, 1, 14, NULL, 'tttttttttt', '<p>\r\n	rrrrrrrrrrrrr</p>\r\n', 'Formspring.png', 'rrrrrrrrr', 'rrrrrrrrrrrr', 'rrrrrrrrrrrr', 'rrrrrrrrrrr', 'rrrrrrrrrrrr', 'rrrrrrrrrr', 'http://rrrrrrrrrrr.com', NULL, 6, 2, 3, 1, 1, 4, NULL, NULL, NULL),
(8, 1, 14, NULL, 'mmmmmmmmmmm', '<p>\r\n	mmmmmmmmmmmmmm</p>\r\n', 'Digg.png', 'mmmmmmmmmm sdfsdfsdf sdfsdfsdfsd sdfsdfsdf sdfsdfsdfsdfsdf sdfsd fsdfsdf', 'mmmmmmmmmmmm', 'mmmmmmmmmmmm', 'mmmmmmmmmmmm', 'mmmmmmmmmmmm', 'mmmmmmm', '', NULL, 11, 3, 3, 1, 1, 49, NULL, NULL, NULL),
(9, 1, 14, 2, 'iiiiiiiiii', '<p>\r\n	iiiiiiiiiiiiiiiiiiiiiiiiiiiiiii</p>\r\n', 'Delicious.png', 'iiiiiiiiiiiiiiii', 'iiiiiiiiiiiiiiiiii', 'iiiiiiiiiiiiiiiiiiiiiii', 'iiiiiiiiiiiiiiiiiiii', 'iiiiiiiiiiiiiiiiiiii', 'iiiiiiiiiiiiiiii', '', NULL, NULL, NULL, 0, 1, 1, 0, NULL, NULL, NULL),
(10, 1, 15, 2, 'eeeeeee', '<p>\r\n	ttttttttttttttttttttttttt jjjjjjjjjjjjj ooooooooooooo</p>\r\n', 'Mail.png', 'hhhhhhh', 'hhhhhhhh', 'yyyyyyyy', '77777777', '66666666', '7777777', '', NULL, NULL, NULL, NULL, 1, 1, 0, NULL, NULL, NULL),
(12, 1, 14, 1, 'cfcbcv', '<p>\r\n	cvbcvbcv cvbcv bcbcvcbcv</p>\r\n', '184613_132379.jpg', 'cvcvbcv', 'cvbcvbcv', 'cvbcvb', 'cvbcvbcvbc', 'cvbcvbcvb', 'cvbcvbcv', '', NULL, NULL, NULL, NULL, 1, 1, 5, NULL, NULL, NULL),
(13, 1, 81, 1, 'Первая краснознамнная кремлевская стловая №1', '<p>\r\n	Прочитав данный документ до конца, вы сможете создать веб-приложение, которое позволит пользователям просматривать веб-страницы и загружать файлы. Это, конечно, не изменит мир, но мы будем стараться и научимся писать не просто куски кода, которых &laquo;достаточно&raquo;, чтобы сделать это возможным, но и создадим простой, полноценный framework для чистого разделения различных аспектов вашего приложения. Скоро вы увидите, что я имею в виду. Мы начнем с выяснения того, чем JavaScript в Node.js отличается от JavaScript в браузере. Далее мы остановимся на написании традиционного &laquo;Hello world&raquo;-приложения, которое является наиболее простым примером &laquo;что-то делающего&raquo; кода Node.js.</p>\r\n', '1-2.gif', 'г.Щелково ул. Второй Гвардейской дивизи д.328 офис 4', 'dfgdfgdf', 'dfgdfg', 'dfgdfgd', 'с 9 до 18', '+34654656565,+897987987898,+564565466', 'http://hh.ua', '<iframe width="300" height="169" src="http://www.youtube.com/embed/6vPDvbD1SKg?list=SP73E786B499A54A18" frameborder="0" allowfullscreen></iframe>', NULL, NULL, NULL, 1, 1, 6, NULL, NULL, NULL),
(14, 1, 14, 1, 'dfgdfgdfg', '<p>\r\n	werwerwer wer werwe</p>\r\n', '192541_125941.jpg', 'werwerwe', 'werwer', 'werwerwe', 'werwerwer', 'werwerwerw', 'werwer', '', NULL, 4, 1, 4, 1, 1, 5, NULL, NULL, NULL),
(15, 1, 14, 1, 'werwerwe wer', '<p>\r\n	werwerwe</p>\r\n', '249954_117779.jpg', 'ewrwrwe', 'werwer', 'werwe', 'werwer', 'werwerwe', 'werwe', '', NULL, NULL, NULL, NULL, 1, 1, 2, NULL, NULL, NULL),
(16, 1, 14, 1, 'ghjghjgh', '<p>\r\n	ghjghjghj</p>\r\n', '242489_516006.jpg', 'ghjghjg', 'ghjghj', 'ghjgh', 'ghjghjgh', 'ghjghjgh', 'ghjgh', '', NULL, NULL, NULL, NULL, 1, 1, 1, NULL, NULL, NULL),
(17, 1, 14, 1, 'ghjghjgh', '<p>\r\n	ghjghjg</p>\r\n', '276024_125851.gif', 'ghjgh', 'ghjgh', 'ghjgh', 'gjhjgh', 'ghjgh', 'ghjgh', '', NULL, NULL, NULL, NULL, 1, 1, 1, NULL, NULL, NULL),
(18, 1, 14, 1, 'ghjghjgh', '<p>\r\n	asdasd</p>\r\n', '314824_915752.jpg', 'dsadas', 'asdasdas', 'asdasda', 'asdas', 'asdasd', 'asdasd', '', NULL, NULL, NULL, NULL, 1, 1, 1, NULL, NULL, NULL),
(19, 1, 14, 1, 'asdasdas', '<p>\r\n	asdasdas</p>\r\n', '305380_563538_s.jpg', 'asdasd', 'asdas', 'asdasd', 'asdas', 'asdas', 'asdas', '', NULL, NULL, NULL, NULL, 1, 1, 1, NULL, NULL, NULL),
(20, 1, 14, 1, 'zxczxczxc', '<p>\r\n	zxczxczx</p>\r\n', '330754_418572.jpg', 'xzczxczx', 'zxczxc', 'zxczx', 'zxczx', 'zxczxc', 'zxczx', 'http://zxczx.net', NULL, 35, 8, 4, 1, 1, 39, NULL, NULL, NULL),
(21, 1, 14, 1, 'retertert подшаманилил', '<p>\r\n	erterter</p>\r\n', 'pal.gif', 'erter', 'ertert', 'ert', 'eterret', 'ertertert', 'erter', 'http://yandex.ru', '', 4, 1, 4, 1, 1, 15, NULL, NULL, NULL),
(24, 3, 16, 1, 'dfgdfgdfg', 'dfgdfgdfgd', 'p5_11.jpg', 'dfgdfg', 'dfgd', 'dfgdfgdf', 'dfgdfgdfg', 'dfgdfgdf', 'dfgdfg', '', NULL, NULL, NULL, NULL, 0, 0, 4, NULL, NULL, NULL),
(25, 1, 16, 1, 'ddddddddddddddd', '<p>\r\n	Все цвета интернета Вашему вниманию предлагается палитра цветов, рекомендуемых для экранного дизайна. При создании изображения для публикации в сети главной проблемой является правильная передача цветов на разных типах компьютеров, мониторов и браузеров. Когда браузер не в состоянии правильным образом передать тот или иной цвет, он подбирает похожий или смешивает несколько соседних цветов (dithering). Иногда первоначальный цвет может быть заменен на что-то совершенно неподходящее. Цвета из нашей палитры везде будут отображаться правильным образом и без искажений. Любой из 216 цветов &laquo;безопасной&raquo; палитры может быть использован для графики, текста и фонов.</p>\r\n', '1-2.gif', 'ул. Красноперекопская д.3984 корпус 18 строение 372', 'Абрам Израилевич Канцеленбоген-Задунайский', '345345345,4534534534', '45645645,456456456,45645645', 'работаем 24 часа в сутки, 7 дней в неделю, без отпусков и выходных, как проклятые', '234234234,4234234234,234234234,234234234534', '', NULL, NULL, NULL, NULL, 1, 1, 4, NULL, NULL, NULL),
(26, 1, 16, 1, 'Тестовая организация', '<p>\r\n	ываываыв ыаы ваыва ыва ываывы ваываыв аываыва чсмичс чсмчсм чываыва ымчс мываыв чсмчсмываы чсмчсмчсмыа оапр апр апрапр рап</p>\r\n', '3d_Apple_Logo_102.jpg', 'ул.Московская д.5', 'лордлорд', 'длрлдор', 'аываыва', 'ываываыв', 'иьтибти', '', NULL, NULL, NULL, NULL, 1, 1, 9, NULL, NULL, NULL),
(27, 1, 17, 1, 'тест2', '<p>\r\n	ываываыв ываыв аыва</p>\r\n', 'apple-logo.jpg', 'ул.Московская д.5', 'ыываываы', 'ываываыв', 'ываываыв', 'ываываыв', 'ываыва', 'http://google.com', NULL, NULL, NULL, NULL, 1, 1, 16, NULL, NULL, NULL),
(30, 1, 17, 4, 'Кремлевская столовая номер два', '<p>\r\n	ываыв ываы ваы ваыв ывав ываываыв аыва ываывыацукцук цук цукаываывцукцу аываываыва</p>\r\n', 'p2_4.gif', 'г.Щелково ул.Садовая д.7', 'Иванов Иван Иванович', 'ivanov@mail.ru', '4234234234234', 'работаем всегда', '8(469)545-45-45, 8(800) 500-50-50', 'http://hh.ua', '<iframe width="300" height="225" src="http://www.youtube.com/embed/qxN7K1yMjD0?rel=0" frameborder="0" allowfullscreen></iframe>', 3, 1, 3, 1, 1, 2, NULL, NULL, NULL),
(31, 1, 16, 4, 'апрапрап', '<p>\r\n	erterterterterterter</p>\r\n', '1-3.gif', 'парапрап', 'апрапрап', 'ivanov@mail.ru', '345345345345', 'erterterter', '4645645645', 'http://google.com', '', NULL, NULL, NULL, 1, 1, 1, NULL, NULL, NULL),
(32, 1, 15, 1, 'reterterterter Referer3', '<p>\r\n	ertert ert erer terter erter</p>\r\n', '1-3.gif', 'erterterter', 'erterterter', 'ivanov@mail.ru', '34534534534', 'erterterter erter ter', '435345345345', 'yandex.ru', '', NULL, NULL, NULL, 1, 1, 0, NULL, NULL, NULL),
(67, 2, 83, NULL, 'АЯКС (агентство недвижимости)', '', 'ayaks.jpg', '141190, Московская обл., г. Фрязино,\r\nул. Школьная, д. 5а (правый подъезд), 3 этаж', '', '6293098@mail.ru', '', 'пн.-пт. с 10:00 до 19:00, выходные &#151; по предварительной договоренности', '(496) 56-4-41-96, (903) 629-30-98', 'http://ajax.fryazino.net', NULL, NULL, NULL, NULL, 1, 1, 0, 55.9553, 38.0504, 'eed31d81cfa9ab38f64979dbffca6c35'),
(68, 2, 83, NULL, 'Квартирный вопрос (агентство недвижимости)', '', 'kvartirniy_vopros.jpg', '141109, Московская обл., г. Щелково,\r\nул. Талсинская, д. 25, офис 197 (вход через отдельное крыльцо)', '', 'tis31@yandex.ru', '', 'пн.-пт. 9:00-19:00 (перерыв 13:00-14:00), сб. 10:00-14:00, вс. - выходной', '(495) 649-92-52, (496) 56-9-29-98', 'http://kvned.ru', NULL, NULL, NULL, NULL, 1, 1, 0, 55.9290, 37.9825, 'cb4ff32dcb1f723e2e2373635ecf005f'),
(69, 2, 83, NULL, 'Гранд Недвижимость (агентство недвижимости)', '', 'grand_nedvijimost.jpg', '141190, Московская обл., г. Фрязино,\r\nул. Школьная, д. 5а (правый подъезд), 1 этаж', '', 'grand.re@mail.ru', '', 'с 10:00 до 18:00, после 18:00 - по предварительному звонку', '(496) 25-5-78-88, (903) 629-01-12, (905) 599-30-20, (905) 599-30-10, (905) 599-30-40', 'http://grand-rent.ru', NULL, NULL, NULL, NULL, 1, 1, 0, 55.9553, 38.0504, 'c25147b94e5d11ed0c4c212fe1d35293'),
(70, 2, 83, NULL, 'Жилфонд+ (агентство недвижимости)', '', 'jilfond-plus.png', '141100, Московская обл., г. Щелково,\r\nпл. Ленина, д. 5 (башня), 4 этаж, офис 403/2', '', 'info@shsale.ru', '', 'пн.-пт. 9:00-18:00, сб. 9:00-16:00, вс. - выходной', '(495) 542-68-66, (926) 567-48-09, (925) 091-66-77', 'http://shsale.ru', NULL, NULL, NULL, NULL, 1, 1, 0, 55.9228, 37.9912, 'ef847e968410da7fcea04fbbf95263ba'),
(71, 2, 83, NULL, 'Orange (агентство недвижимости)', '', 'orange-an.png', '141100, Московская обл., г. Щелково,\r\nпл. Ленина, д. 5 (башня), 7 этаж, офис 703', '', 'info@an-orange.ru', '', 'пн.-пт. с 9:00 до 19:00 (перерыв с 13:00 до 14:00), сб. и вс. - по предварительной записи', '(926) 911-39-11, (496) 56-9-69-11, (926) 594-99-56', 'http://an-orange.ru', NULL, NULL, NULL, NULL, 1, 1, 0, 55.9228, 37.9912, '9b6254babb01833aa8cb66a6e239138e'),
(72, 2, 83, NULL, 'Лидирующая позиция в рубриках справочника Фрязино.Инфо', '', '1st.gif', '141190, Московская обл., г. Фрязино,\r\n \r\ne-mail: popovlib@ya.ru', '', 'popovlib@ya.ru', '', '', '', 'http://popov-brothers.ru/leader.htm', NULL, NULL, NULL, NULL, 1, 1, 0, 0.0000, 0.0000, 'd6a9f7182c3211f809cf09049128c99e'),
(73, 2, 83, NULL, 'Андромеда (агентство недвижимости)', '', 'andromeda.jpg', '141190, Московская обл., г. Фрязино,\r\nул. Школьная, д. 5а', '', 'andromeda.re@mail.ru', '', 'с 10:00 до 20:00', '(496) 56-4-33-70, (916) 960-75-75, (909) 157-27-35', 'http://9607575.ru', NULL, NULL, NULL, NULL, 1, 1, 0, 55.9553, 38.0504, '8c343ad9354020ba61d28633c893065f'),
(74, 2, 83, NULL, 'Барские пруды (агентство недвижимости)', '', '', '141195, Московская обл., г. Фрязино,\r\nпр-д Павла Блинова, д. 6, офис 4', '', '', '', 'пн.-пт. 9:00-17:00 без перерывов, сб.-вс. - по договоренности', '(496) 25-5-54-74, (495) 995-89-35', 'http://barskieprydi.ru', NULL, NULL, NULL, NULL, 1, 1, 0, 55.9470, 38.0704, '9c8ab10f3fa4858810cc997ff6f4ce97'),
(75, 2, 83, NULL, 'Дар-СВ Недвижимость (агентство недвижимости)', '', '', '141196, Московская обл., г. Фрязино,\r\nпр-т Мира, д. 33, корп. 2, офис 405', '', 'kolomicov_d@mail.ru', '', 'с 9:00 до 17:00', '(495) 640-49-51, (964) 143-84-16', '', NULL, NULL, NULL, NULL, 1, 1, 0, 55.9588, 38.0603, 'e42f0e16b9ff2434f5ab67266052e586'),
(76, 2, 83, NULL, 'Интеллект (агентство недвижимости)', '', 'intellekt-an.png', '141190, Московская обл., г. Фрязино,\r\nул. Вокзальная, д. 6а, 3 этаж (вход со двора)', '', 'intellect-f@mail.ru', '', '', '(495) 972-42-54, (495) 781-31-21, (496) 56-4-90-55', 'http://intellect-f.ru', NULL, NULL, NULL, NULL, 1, 1, 0, 55.9608, 38.0483, 'af9c5a97ecd4f82c8cec4453cc78df6c'),
(77, 2, 83, NULL, 'Квадратный метр (агентство недвижимости)', '', '', 'Московская обл., г. Фрязино,\r\nул. Пионерская, д. 4, корп. 1 (БЦ «Союз»)', '', 'metr2@mail.ru', '', '', '(916) 144-14-14, (903) 500-36-72', 'http://an-m2.ru', NULL, NULL, NULL, NULL, 1, 1, 0, 55.9544, 38.0449, 'a2e74701ddbb2fd1a71795e59304287a'),
(78, 2, 83, NULL, 'Агентство недвижимости &laquo;Областной центр недвижимости&raquo;', '', 'oblastnoy_centr_nedv.jpg', '141195, Московская обл., г. Фрязино,\r\nул. Полевая, д. 13а, офис 3', '', 'info@an-ocn.ru', '', '', '(495) 508-08-06', 'http://an-ocn.ru', NULL, NULL, NULL, NULL, 1, 1, 0, 55.9507, 38.0601, '09c99ddb969d1e9c45603d8d47f222e5'),
(79, 2, 83, NULL, 'Агентство недвижимости &laquo;Областной центр недвижимости&raquo;', '', 'oblastnoy_centr_nedv.jpg', '141190, Московская обл., г. Фрязино,\r\nул. Вокзальная, д. 15', '', 'info@an-ocn.ru', '', '', '(963) 608-08-60', 'http://an-ocn.ru', NULL, NULL, NULL, NULL, 1, 1, 0, 55.9608, 38.0465, '7527d9902ccb45824c47b4abb5553f47'),
(80, 2, 83, NULL, 'Орион (агентство недвижимости)', '', 'orion.png', '141195, Московская обл., г. Фрязино,\r\nул. Полевая, д. 9а (автостанция), цокольный этаж', '', 'bip72@yandex.ru', '', 'пн.-пт. 10:00-19:00, сб. 11:00-17:00, вс. - выходной', '(909) 157-92-87, (965) 204-73-78', 'http://orion-realty.com', NULL, NULL, NULL, NULL, 1, 1, 0, 55.9488, 38.0595, '29e4a7475805e774fc19c03d15e544d7'),
(81, 2, 83, NULL, 'Партнёр-Плюс (агентство недвижимости)', '', 'partner-plus.png', 'Московская обл., г. Фрязино,\r\nул. Пионерская, д. 4, корп. 1 (БЦ «Союз»), офис 650', '', 'partner-plus@mail.ru', '', 'с 10:00 до 20:00 без выходных', '(965) 341-34-34, (499) 704-78-87', '', NULL, NULL, NULL, NULL, 1, 1, 0, 55.9544, 38.0449, '6678b0a404c9674de46a919b046b1d3f'),
(82, 2, 83, NULL, 'ПВН (агентство недвижимости)', '', '', '141191, Московская обл., г. Фрязино,\r\nул. Озерная, д. 10', '', 'pushkarev.v@mail.ru', '', 'с 10:00 до 18:00', '(495) 649-99-46, (916) 540-88-81', '', NULL, NULL, NULL, NULL, 1, 1, 0, 55.9647, 38.0312, '54c5178ed750a0d7de246e1636f25a35'),
(83, 2, 83, NULL, 'Агентство недвижимости &laquo;РИЭЛ&raquo;', '', 'riel.png', '141195, Московская обл., г. Фрязино,\r\nул. Полевая, д. 6, 3 этаж, офис 1', '', '', '', 'пн.-пт. 10:00-19:00, сб. 10:00-14:00, вс. - выходной', '(496) 56-7-24-44, (496) 56-7-49-02, (903) 189-41-08', 'http://riel-an.ru', NULL, NULL, NULL, NULL, 1, 1, 0, 55.9503, 38.0540, 'bc8c1af9099d06f785f9c2f15c202c2d'),
(84, 2, 83, NULL, 'Юридическая компания &laquo;Советник&raquo; (центр недвижимости)', '', 'sovetnik.png', 'Московская обл., г. Фрязино,\r\nул. Московская, д. 2в (ТК «Третий Рим»)', '', 'uk-sovetnik@yandex.ru', '', '', '', 'http://uk-sovetnik.ru', NULL, NULL, NULL, NULL, 1, 1, 0, 55.9552, 38.0527, 'fe795539d6ff90673d9df2cfca4a6662'),
(85, 2, 83, NULL, 'Твой дом (агентство недвижимости)', '', '', '141196, Московская обл., г. Фрязино,\r\nпр-т Мира, д. 29', '', '', '', '', '(495) 729-28-09, (906) 708-55-75', '', NULL, NULL, NULL, NULL, 1, 1, 0, 55.9568, 38.0637, '08a267ae534a9cb7ada13e47bb0cce12'),
(86, 2, 83, NULL, 'Территория успеха', '', '', '141195, Московская обл., г. Фрязино,\r\nпр-д Павла Блинова, д. 6, офис 2-7', '', 'expert2011@bk.ru', '', 'c 10:00 до 20:00', '(909) 160-76-23, (903) 200-22-26', '', NULL, NULL, NULL, NULL, 1, 1, 0, 55.9470, 38.0704, '7a8dd788d062b1fecdbfd70eefcb97c9'),
(87, 2, 83, NULL, 'Услуги по недвижимости (агентство недвижимости)', '', 'usluginedv.png', '141195, Московская обл., г. Фрязино,\r\nул. Советская, д. 2', '', 'uslugi64@mail.ru', '', 'пн.-пт. с 10:00 до 18:00, сб.-вс. - выходные', '(496) 56-7-21-67, (906) 705-02-06, (965) 219-06-21, (929) 605-80-51', 'http://uslugi-ned.ru', NULL, NULL, NULL, NULL, 1, 1, 0, 55.9534, 38.0492, '3b5ec39acf354930dd18d5db622b8209'),
(88, 2, 83, NULL, 'Центр оформления и аренды квартир', '', '', '141196, Московская обл., г. Фрязино,\r\nпр-т Мира, д. 20', '', 'schelkovo-realty@mail.ru', '', 'с 9:00 до 21:00', '(926) 971-22-88', '', NULL, NULL, NULL, NULL, 1, 1, 0, 55.9547, 38.0590, 'c2b6e76b3aba2e36f6e6a5520a82788c');

-- --------------------------------------------------------

--
-- Структура таблицы `companies_comments`
--

CREATE TABLE IF NOT EXISTS `companies_comments` (
  `comment_id` int(12) NOT NULL AUTO_INCREMENT,
  `owner_name` varchar(50) NOT NULL,
  `owner_id` int(12) NOT NULL,
  `parent_comment_id` int(12) DEFAULT NULL,
  `creator_id` int(12) DEFAULT NULL,
  `user_name` varchar(128) DEFAULT NULL,
  `user_email` varchar(128) DEFAULT NULL,
  `comment_text` text,
  `create_time` int(11) DEFAULT NULL,
  `update_time` int(11) DEFAULT NULL,
  `status` int(1) NOT NULL DEFAULT '0',
  PRIMARY KEY (`comment_id`),
  KEY `owner_name` (`owner_name`,`owner_id`),
  KEY `parent_comment_id` (`parent_comment_id`)
) ENGINE=InnoDB  DEFAULT CHARSET=utf8 AUTO_INCREMENT=30 ;

--
-- Дамп данных таблицы `companies_comments`
--

INSERT INTO `companies_comments` (`comment_id`, `owner_name`, `owner_id`, `parent_comment_id`, `creator_id`, `user_name`, `user_email`, `comment_text`, `create_time`, `update_time`, `status`) VALUES
(27, 'Companies', 8, NULL, 1, NULL, NULL, 'А тперь грохнем корневой', 1367703244, 1367703376, 1),
(28, 'Companies', 8, 27, 1, NULL, NULL, 'опа нормально, вся ветка удаляется.', 1367703450, 1367703494, 1),
(29, 'Companies', 86, NULL, 1, NULL, NULL, 'гавно компания', 1368813012, NULL, 0);

-- --------------------------------------------------------

--
-- Структура таблицы `companies_rating`
--

CREATE TABLE IF NOT EXISTS `companies_rating` (
  `id` int(11) NOT NULL AUTO_INCREMENT,
  `user_id` int(11) NOT NULL,
  `company_id` int(11) NOT NULL,
  `value` int(4) NOT NULL,
  PRIMARY KEY (`id`),
  KEY `user_id` (`user_id`),
  KEY `company_id` (`company_id`)
) ENGINE=InnoDB  DEFAULT CHARSET=utf8 AUTO_INCREMENT=11 ;

--
-- Дамп данных таблицы `companies_rating`
--

INSERT INTO `companies_rating` (`id`, `user_id`, `company_id`, `value`) VALUES
(6, 1, 20, 5),
(7, 1, 14, 4),
(8, 1, 21, 4),
(9, 1, 30, 3),
(10, 1, 8, 5);

-- --------------------------------------------------------

--
-- Структура таблицы `gallery`
--

CREATE TABLE IF NOT EXISTS `gallery` (
  `id` int(11) NOT NULL AUTO_INCREMENT,
  `company_id` int(11) NOT NULL,
  `img` varchar(255) NOT NULL,
  `thumb` varchar(255) NOT NULL,
  `main` tinyint(1) NOT NULL DEFAULT '0',
  PRIMARY KEY (`id`),
  KEY `company_id` (`company_id`)
) ENGINE=InnoDB  DEFAULT CHARSET=utf8 AUTO_INCREMENT=41 ;

--
-- Дамп данных таблицы `gallery`
--

INSERT INTO `gallery` (`id`, `company_id`, `img`, `thumb`, `main`) VALUES
(19, 7, 'Flickr.png', 'tmb_Flickr.png', 0),
(20, 7, 'Lastfm.png', 'tmb_Lastfm.png', 0),
(21, 8, 'Rss.png', 'tmb_Rss.png', 0),
(22, 9, 'Tumblr.png', 'tmb_Tumblr.png', 0),
(27, 26, '1.jpg', 'tmb_1.jpg', 0),
(28, 26, '46782.jpg', 'tmb_46782.jpg', 0),
(29, 26, '019879_03_big.jpg', 'tmb_019879_03_big.jpg', 0),
(30, 26, 'РfОtОz523.jpg', 'tmb_РfОtОz523.jpg', 0),
(31, 27, '3D.png', 'tmb_3D.png', 0),
(32, 27, '010.png', 'tmb_010.png', 0),
(33, 27, '16.png', 'tmb_16.png', 0),
(34, 27, 'Admin-Glass.png', 'tmb_Admin-Glass.png', 0),
(35, 13, '40.png', 'tmb_40.png', 0),
(36, 13, '31.png', 'tmb_31.png', 0),
(40, 13, 'p5_3.gif', 'tmb_p5_3.gif', 0);

-- --------------------------------------------------------

--
-- Структура таблицы `kupons`
--

CREATE TABLE IF NOT EXISTS `kupons` (
  `id_kupon` int(11) NOT NULL AUTO_INCREMENT,
  `action` varchar(255) NOT NULL,
  `city_id` int(11) NOT NULL,
  `cat_id` int(11) NOT NULL,
  `company_id` int(11) NOT NULL,
  `image` varchar(255) NOT NULL,
  `code` varchar(255) NOT NULL COMMENT 'код купна',
  `old_price` decimal(8,2) NOT NULL,
  `new_price` decimal(8,2) NOT NULL,
  `diff` int(11) NOT NULL DEFAULT '0',
  `tax` int(4) NOT NULL DEFAULT '0',
  `conditions` text NOT NULL,
  `details` text NOT NULL,
  `start_date` datetime NOT NULL,
  `end_date` datetime NOT NULL,
  `status` tinyint(1) NOT NULL DEFAULT '0' COMMENT 'не опубликован/опубликован/в ожидании',
  `position` int(11) NOT NULL,
  `voters` int(11) NOT NULL DEFAULT '0',
  `vote` int(11) NOT NULL DEFAULT '0',
  `rating` int(11) NOT NULL DEFAULT '0',
  `views` int(11) NOT NULL DEFAULT '0',
  PRIMARY KEY (`id_kupon`),
  KEY `city_id` (`city_id`),
  KEY `cat_id` (`cat_id`),
  KEY `company_id` (`company_id`)
) ENGINE=InnoDB  DEFAULT CHARSET=utf8 AUTO_INCREMENT=3 ;

--
-- Дамп данных таблицы `kupons`
--

INSERT INTO `kupons` (`id_kupon`, `action`, `city_id`, `cat_id`, `company_id`, `image`, `code`, `old_price`, `new_price`, `diff`, `tax`, `conditions`, `details`, `start_date`, `end_date`, `status`, `position`, `voters`, `vote`, `rating`, `views`) VALUES
(2, 'Рога и копыта', 1, 1, 21, '1-4.jpg', 'xcvx', '1000.00', '200.00', 800, 80, '<p>\r\n	dfgdfgdfgdf</p>\r\n', '<p>\r\n	dfgdfgdfgdfg</p>\r\n', '2013-04-26 00:00:00', '2013-05-31 00:00:00', 1, 0, 2, 7, 3, 23);

-- --------------------------------------------------------

--
-- Структура таблицы `kupons_active`
--

CREATE TABLE IF NOT EXISTS `kupons_active` (
  `id` int(11) NOT NULL AUTO_INCREMENT,
  `user_id` int(11) NOT NULL,
  `kupon_id` int(11) NOT NULL,
  `date` int(11) NOT NULL,
  `utilized` tinyint(1) NOT NULL DEFAULT '0',
  `status` tinyint(1) NOT NULL DEFAULT '1',
  PRIMARY KEY (`id`),
  KEY `user_id` (`user_id`),
  KEY `kupon_id` (`kupon_id`)
) ENGINE=InnoDB DEFAULT CHARSET=utf8 AUTO_INCREMENT=1 ;

-- --------------------------------------------------------

--
-- Структура таблицы `news`
--

CREATE TABLE IF NOT EXISTS `news` (
  `id_news` int(11) NOT NULL AUTO_INCREMENT,
  `id_city` int(11) NOT NULL,
  `title` varchar(255) NOT NULL,
  `alias` varchar(255) NOT NULL,
  `tags` text,
  `image` varchar(255) DEFAULT NULL,
  `content` text NOT NULL,
  `status` tinyint(4) NOT NULL DEFAULT '0',
  `IsFeatured` tinyint(4) NOT NULL DEFAULT '0',
  `CreatedDate` datetime DEFAULT NULL,
  `UpdatedDate` datetime DEFAULT NULL,
  `user_id` int(11) NOT NULL,
  `Views` int(11) DEFAULT '0',
  `Useful` int(11) DEFAULT '0',
  `Unuseful` int(11) DEFAULT '0',
  PRIMARY KEY (`id_news`),
  UNIQUE KEY `Alias_Unique` (`alias`),
  KEY `id_city` (`id_city`)
) ENGINE=InnoDB  DEFAULT CHARSET=utf8 AUTO_INCREMENT=44 ;

--
-- Дамп данных таблицы `news`
--

INSERT INTO `news` (`id_news`, `id_city`, `title`, `alias`, `tags`, `image`, `content`, `status`, `IsFeatured`, `CreatedDate`, `UpdatedDate`, `user_id`, `Views`, `Useful`, `Unuseful`) VALUES
(40, 1, 'ertertert', 'ertertert', NULL, '483748_803153.jpg', 'erfdg fd gdfgdfgdf ', 1, 0, '2013-03-08 01:23:25', '2013-03-08 01:23:25', 1, 0, 0, 0),
(41, 1, 'test news', 'test-news', NULL, '180336_171726.jpg', 'dsfsd sdfsd fsdfsdfsd sdfs dfsdfsd fsdf sdfsdfsdsdfs', 1, 0, '2013-03-15 00:42:55', '2013-03-15 00:42:55', 1, 0, 0, 0),
(42, 1, 'третья новость', 'tretya-novost', NULL, '477382_599602.jpg', 'Недавно задался целью сделать поиск на своем сайте, написанном на Kohana Framework. Решил использовать именно морфологический поиск, т.к. считаю его более правильным (относительно полнотекстового поиска с применением LIKE). Поиски готовых модулей для Kohana с требующимся функционалом не увенчались успехом, но я нашел отличную библиотеку: phpMorphy, которая замечательно подошла для решения моих задач.', 1, 0, '2013-03-23 20:07:04', '2013-03-23 20:07:04', 1, 0, 0, 0),
(43, 1, 'четвертая новостьf', 'chetvertaya-novost', NULL, '330754_418572.jpg', 'Мы собираемся индексировать весь этот контент, причем в связи с тем, что комментарии могут появляться на протяжении всего времени существования контента — переиндексировать контент нужно на постоянной основе. С точки зрения логики, индексация контента выглядит следующим образом: Поочередно получаем весь контент, осуществляем поиск относящихся к контенту дополнительных материалов (комментарии, ингредиенты, шаги приготовления). Далее проводим такие операции:', 1, 0, '2013-03-23 20:08:07', '2013-03-30 22:01:34', 1, 0, 0, 0);

-- --------------------------------------------------------

--
-- Структура таблицы `news_company`
--

CREATE TABLE IF NOT EXISTS `news_company` (
  `id` int(11) unsigned NOT NULL AUTO_INCREMENT,
  `company_id` int(11) NOT NULL,
  `date` int(11) unsigned NOT NULL,
  `text` mediumtext NOT NULL,
  `status` tinyint(1) unsigned NOT NULL DEFAULT '1',
  PRIMARY KEY (`id`),
  KEY `company_id` (`company_id`)
) ENGINE=InnoDB  DEFAULT CHARSET=utf8 AUTO_INCREMENT=51 ;

--
-- Дамп данных таблицы `news_company`
--

INSERT INTO `news_company` (`id`, `company_id`, `date`, `text`, `status`) VALUES
(7, 7, 1364760000, 'erwerwerwe', 1),
(8, 8, 1365624000, 'mmmmmmmmmmmmmm', 1),
(9, 9, 1365537600, 'iiiiiiiiiiiiiiiiiiiiiiiii', 1),
(10, 9, 1365717432, 'uuuuuuuuuuuuu', 1),
(11, 10, 1365796800, 'eeeeeeeeeeeeee', 1),
(14, 12, 1366284074, 'cvbcv', 1),
(15, 12, 1366284074, 'cvbcv', 1),
(16, 12, 1366284074, 'cvbcv', 1),
(17, 12, 1366284074, 'cvbcvbcvbc', 1),
(18, 13, 1367874366, 'Как и было обещано, по пути мы узнаем о некоторых продвинутых понятиях JavaScript, о том как их использовать и посмотрим, почему разумно использо', 1),
(19, 14, 1366284149, 'rwerwer', 1),
(20, 14, 1366284149, 'werwerwe', 1),
(21, 15, 1366284181, 'erwrwer', 1),
(22, 16, 1366284216, 'jghjghj', 1),
(23, 16, 1366284216, 'ghjghj', 1),
(24, 17, 1366284248, 'ghjghjg', 1),
(25, 17, 1366284248, 'ghjghj', 1),
(26, 18, 1366284288, 'ghjghjgh', 1),
(27, 18, 1366284288, 'ghjghjg', 1),
(28, 19, 1366284351, 'asdasda', 1),
(29, 20, 1366284405, 'zxzxczxczx', 1),
(30, 21, 1369673154, 'ertertert', 1),
(31, 26, 1366722335, 'рпопро', 1),
(32, 26, 1366722335, 'опопр', 1),
(33, 26, 1366722335, 'пропро', 1),
(34, 26, 1366722335, 'пропроп', 1),
(35, 27, 1366726736, 'чсмчсмчс', 1),
(36, 27, 1366726736, 'чсмчсм', 1),
(37, 27, 1366726736, 'ыауцаыа', 1),
(38, 27, 1366726736, 'ываываы', 1),
(39, 13, 1364760000, 'До того, как мы поговорим о технических вещах, позвольте занять некоторое время и поговорить о вас и ваших отношениях с JavaScript. Эта глава поз', 1),
(45, 30, 1367337036, 'ываывываыва ываыв ыва  ываываыв', 1),
(46, 30, 1367337036, 'ыва ываыв ываыва ываыва', 1),
(47, 30, 1367337036, 'ываыва ыва ыва ыпарапр апр апра', 1),
(48, 30, 1367337036, 'ываы ваываываыв', 1),
(49, 13, 1367874366, 'смисмисмис', 1),
(50, 13, 1367874366, 'смисмисмисм', 1);

-- --------------------------------------------------------

--
-- Структура таблицы `pages`
--

CREATE TABLE IF NOT EXISTS `pages` (
  `id` smallint(6) NOT NULL AUTO_INCREMENT,
  `title` varchar(255) NOT NULL,
  `text` text NOT NULL,
  `keywords` varchar(255) NOT NULL,
  `descr` varchar(255) NOT NULL,
  `alias` varchar(255) NOT NULL,
  `state` tinyint(1) DEFAULT '1',
  PRIMARY KEY (`id`)
) ENGINE=InnoDB  DEFAULT CHARSET=utf8 AUTO_INCREMENT=4 ;

--
-- Дамп данных таблицы `pages`
--

INSERT INTO `pages` (`id`, `title`, `text`, `keywords`, `descr`, `alias`, `state`) VALUES
(1, 'О суперценнике', '<h2>\r\n	Здесь текст о суперценнике</h2>\r\n', 'О суперценнике', 'О суперценнике', 'about', 1),
(2, 'Как это работает', '<p>\r\n	Как это работает - текст</p>\r\n', 'Как это работает', 'Как это работает', 'howto', 1),
(3, 'Контакты', 'Наши контакты', 'ываыва', 'ываыва', 'contacts', 1);

-- --------------------------------------------------------

--
-- Структура таблицы `pos_banner`
--

CREATE TABLE IF NOT EXISTS `pos_banner` (
  `id` int(11) NOT NULL AUTO_INCREMENT,
  `pos` varchar(20) NOT NULL,
  `title` varchar(255) NOT NULL,
  `description` text,
  PRIMARY KEY (`id`)
) ENGINE=InnoDB  DEFAULT CHARSET=utf8 AUTO_INCREMENT=3 ;

--
-- Дамп данных таблицы `pos_banner`
--

INSERT INTO `pos_banner` (`id`, `pos`, `title`, `description`) VALUES
(1, 'TOP', 'Верх', 'Верхняя часть под шапкой сайта'),
(2, 'RIGHT', 'Справа', 'В правой части сайта под правым меню');

-- --------------------------------------------------------

--
-- Структура таблицы `profiles`
--

CREATE TABLE IF NOT EXISTS `profiles` (
  `user_id` int(11) NOT NULL AUTO_INCREMENT,
  `fio` varchar(255) NOT NULL DEFAULT '',
  `sex` tinyint(1) NOT NULL DEFAULT '1',
  `birthday` date NOT NULL DEFAULT '0000-00-00',
  `mobile` varchar(16) DEFAULT '',
  `photo` varchar(255) NOT NULL DEFAULT '',
  PRIMARY KEY (`user_id`)
) ENGINE=InnoDB  DEFAULT CHARSET=utf8 AUTO_INCREMENT=7 ;

--
-- Дамп данных таблицы `profiles`
--

INSERT INTO `profiles` (`user_id`, `fio`, `sex`, `birthday`, `mobile`, `photo`) VALUES
(1, 'Admin', 1, '1984-12-07', '+789456132365', 'artist.png'),
(2, 'Demo Demo', 1, '0000-00-00', '', ''),
(4, 'Виталий Москвин', 1, '1970-01-01', '', ''),
(6, 'xz@mail.ru', 1, '1970-01-01', '', '');

-- --------------------------------------------------------

--
-- Структура таблицы `profiles_fields`
--

CREATE TABLE IF NOT EXISTS `profiles_fields` (
  `id` int(10) NOT NULL AUTO_INCREMENT,
  `varname` varchar(50) NOT NULL,
  `title` varchar(255) NOT NULL,
  `field_type` varchar(50) NOT NULL,
  `field_size` varchar(15) NOT NULL DEFAULT '0',
  `field_size_min` varchar(15) NOT NULL DEFAULT '0',
  `required` int(1) NOT NULL DEFAULT '0',
  `match` varchar(255) NOT NULL DEFAULT '',
  `range` varchar(255) NOT NULL DEFAULT '',
  `error_message` varchar(255) NOT NULL DEFAULT '',
  `other_validator` varchar(5000) NOT NULL DEFAULT '',
  `default` varchar(255) NOT NULL DEFAULT '',
  `widget` varchar(255) NOT NULL DEFAULT '',
  `widgetparams` varchar(5000) NOT NULL DEFAULT '',
  `position` int(3) NOT NULL DEFAULT '0',
  `visible` int(1) NOT NULL DEFAULT '0',
  PRIMARY KEY (`id`),
  KEY `varname` (`varname`,`widget`,`visible`)
) ENGINE=InnoDB  DEFAULT CHARSET=utf8 AUTO_INCREMENT=10 ;

--
-- Дамп данных таблицы `profiles_fields`
--

INSERT INTO `profiles_fields` (`id`, `varname`, `title`, `field_type`, `field_size`, `field_size_min`, `required`, `match`, `range`, `error_message`, `other_validator`, `default`, `widget`, `widgetparams`, `position`, `visible`) VALUES
(3, 'fio', 'Имя и фамилия', 'VARCHAR', '255', '3', 1, '', '', 'Имя и фамилия должны быть не меньше 3 букв и не больше 255', '', '', '', '', 1, 3),
(6, 'sex', 'Пол', 'BOOL', '0', '0', 1, '', '1==Муж.;0==Жен.', 'Вы не выбрали пол', '', '1', '', '', 2, 3),
(7, 'birthday', 'Дата рождения', 'DATE', '0', '0', 0, '', '', 'Не правильно указана дата рождения', '', '0000-00-00', 'UWjuidate', '{"ui-theme":"base","language":"ru","dateFormat":"dd.mm.yy","yearRange":"1930:2001","changeMonth":"true","changeYear":"true"}', 3, 3),
(8, 'mobile', 'Мобильный телефон', 'VARCHAR', '16', '10', 0, '/(\\+7)(\\d{10})/', '', 'Не правильный формат номера телефона', '', '', '', '', 5, 3),
(9, 'photo', 'Фото', 'VARCHAR', '255', '3', 0, '', '', '', '{"file":{"allowEmpty":"true","maxFiles":"1","maxSize":"1024000","types":"jpg, gif, png"}}', '', 'UWimage', '{"path":"content/profiles/photo"}', 2, 2);

-- --------------------------------------------------------

--
-- Структура таблицы `rating`
--

CREATE TABLE IF NOT EXISTS `rating` (
  `id` int(10) NOT NULL AUTO_INCREMENT,
  `kupon_id` int(10) NOT NULL,
  `user_id` int(10) NOT NULL,
  `value` tinyint(3) NOT NULL,
  PRIMARY KEY (`id`),
  KEY `user_id` (`user_id`),
  KEY `kupon_id` (`kupon_id`,`user_id`)
) ENGINE=InnoDB DEFAULT CHARSET=utf8 AUTO_INCREMENT=1 ;

-- --------------------------------------------------------

--
-- Структура таблицы `realty`
--

CREATE TABLE IF NOT EXISTS `realty` (
  `id` int(11) NOT NULL AUTO_INCREMENT,
  `category_id` int(11) NOT NULL,
  `city_id` int(11) NOT NULL,
  `user_id` int(11) NOT NULL,
  `type_id` int(11) NOT NULL,
  `title` varchar(255) NOT NULL,
  `area` float(14,2) DEFAULT NULL,
  `rooms` int(1) DEFAULT NULL,
  `details` text NOT NULL,
  `price` decimal(12,2) NOT NULL DEFAULT '0.00',
  `author` varchar(255) NOT NULL,
  `email` varchar(400) NOT NULL,
  `phone` varchar(255) NOT NULL,
  `address` text NOT NULL,
  `date_pub` int(11) NOT NULL,
  `date_end` int(11) NOT NULL,
  `checked` tinyint(1) NOT NULL DEFAULT '0',
  `views` int(11) NOT NULL,
  `status` tinyint(1) NOT NULL DEFAULT '0',
  `x` float(7,4) DEFAULT NULL,
  `y` float(7,4) DEFAULT NULL,
  PRIMARY KEY (`id`),
  KEY `category_id` (`category_id`),
  KEY `city_id` (`city_id`),
  KEY `user_id` (`user_id`),
  KEY `type_id` (`type_id`)
) ENGINE=InnoDB  DEFAULT CHARSET=utf8 AUTO_INCREMENT=8 ;

--
-- Дамп данных таблицы `realty`
--

INSERT INTO `realty` (`id`, `category_id`, `city_id`, `user_id`, `type_id`, `title`, `area`, `rooms`, `details`, `price`, `author`, `email`, `phone`, `address`, `date_pub`, `date_end`, `checked`, `views`, `status`, `x`, `y`) VALUES
(1, 1, 1, 1, 1, 'Продам квартиру', 12.00, 1, 'Хорошачя квартира. Покупайте не пожалеете.', '30000.00', 'Вован', 'vovan@nm.ru', '45423423423', 'Московская область. д. Бугры Федоскину В.', 2147483647, 2147483647, 1, 3, 1, NULL, NULL),
(2, 4, 1, 1, 1, 'Земля под Киевом', 99999.99, 1, 'Судя по гривнам понятно что Ураина, возможно Киев?\r\n Каких людей собирать? Какой флаг держать?\r\n Организаторы в белых футболках - это что? Белое братство.\r\n Вы себе представьте картину - я представила и мне весело очень\r\n Держать флаг + 25 за все время - т.е 3-е суток с неизвестно с каким флагом.\r\n Я вообще умиляюсь, что составители подобных перлов много лет на рынке рекламы.\r\n Жаль, что не увижу и нет у меня в городе этого метро, я б из любопытства посмотрела на этих "организаторов"....\r\n В общем полный абзац...', '999999.99', 'Семен Семеныч Горбунков', 'gorbunkov@mail.net', '4234234234', 'werwe we wer wsdfsfss', 2147483647, 2147483647, 1, 1, 0, NULL, NULL),
(3, 4, 1, 1, 2, 'werweirwe', 400000.00, 1, 'asdasdasd asdasda sdasasdasd asd as', '10000.00', 'qweqweqwe', 'admin@admin.com', '234234234', 'dsmfbvsdkmfbskjd skdhbf ksdhfsd', 1369320340, 1371480340, 0, 3, 0, NULL, NULL),
(7, 1, 1, 1, 1, '', 3423423.00, 1, 'fdas asdas dasas', '234234.00', 'asdas asdasdas', 'admin@admin.com', '23423423', 'zxczxczxczx zxczxczxcz xczx zxczx zxczx', 1369320133, 1371480133, 1, 0, 1, NULL, NULL);

-- --------------------------------------------------------

--
-- Структура таблицы `realty_category`
--

CREATE TABLE IF NOT EXISTS `realty_category` (
  `id` int(11) NOT NULL AUTO_INCREMENT,
  `name` varchar(255) NOT NULL,
  `status` tinyint(1) NOT NULL DEFAULT '1',
  `apartments` tinyint(1) NOT NULL DEFAULT '0',
  PRIMARY KEY (`id`)
) ENGINE=InnoDB  DEFAULT CHARSET=utf8 AUTO_INCREMENT=5 ;

--
-- Дамп данных таблицы `realty_category`
--

INSERT INTO `realty_category` (`id`, `name`, `status`, `apartments`) VALUES
(1, 'Новостройки', 1, 1),
(2, 'Вторичное жилье', 1, 1),
(3, 'Коттеджи/дома/дачи', 1, 0),
(4, 'Земельные участки', 1, 0);

-- --------------------------------------------------------

--
-- Структура таблицы `realty_img`
--

CREATE TABLE IF NOT EXISTS `realty_img` (
  `id` int(11) NOT NULL AUTO_INCREMENT,
  `ads_id` int(11) NOT NULL,
  `img` varchar(255) NOT NULL,
  `thumb` varchar(255) NOT NULL,
  `status` tinyint(1) NOT NULL DEFAULT '1',
  PRIMARY KEY (`id`),
  KEY `goods_id` (`ads_id`)
) ENGINE=InnoDB  DEFAULT CHARSET=utf8 AUTO_INCREMENT=17 ;

--
-- Дамп данных таблицы `realty_img`
--

INSERT INTO `realty_img` (`id`, `ads_id`, `img`, `thumb`, `status`) VALUES
(12, 7, '/content/board/uploads/cf564da4c45312a5fba87cef9ecc8918.jpg', '/content/board/uploads/thumbs/cf564da4c45312a5fba87cef9ecc8918.jpg', 1),
(13, 7, '/content/board/uploads/9f367837f2c37a4b03e124e3a296840c.jpg', '/content/board/uploads/thumbs/9f367837f2c37a4b03e124e3a296840c.jpg', 1),
(14, 3, '/content/board/uploads/08e3afc68030b3fb6f7337f64c432101.jpg', '/content/board/uploads/thumbs/08e3afc68030b3fb6f7337f64c432101.jpg', 1),
(15, 3, '/content/board/uploads/9f52f8f2c34fc9f78a2342b5050c55ac.jpg', '/content/board/uploads/thumbs/9f52f8f2c34fc9f78a2342b5050c55ac.jpg', 1),
(16, 2, '/content/board/uploads/713a3a7db84995dd18a150f9cfeabb0f.jpg', '/content/board/uploads/thumbs/713a3a7db84995dd18a150f9cfeabb0f.jpg', 1);

-- --------------------------------------------------------

--
-- Структура таблицы `realty_types`
--

CREATE TABLE IF NOT EXISTS `realty_types` (
  `id` int(11) NOT NULL AUTO_INCREMENT,
  `name` varchar(128) NOT NULL,
  `title` varchar(255) NOT NULL,
  `status` tinyint(1) NOT NULL,
  PRIMARY KEY (`id`)
) ENGINE=InnoDB  DEFAULT CHARSET=utf8 AUTO_INCREMENT=6 ;

--
-- Дамп данных таблицы `realty_types`
--

INSERT INTO `realty_types` (`id`, `name`, `title`, `status`) VALUES
(1, 'buy', 'Купить', 1),
(2, 'sale', 'Продать', 1),
(3, 'exchange', 'Обменять', 1),
(4, 'torent', 'Снять', 1),
(5, 'rentout', 'Сдать', 1);

-- --------------------------------------------------------

--
-- Структура таблицы `section`
--

CREATE TABLE IF NOT EXISTS `section` (
  `id` int(11) NOT NULL AUTO_INCREMENT,
  `title` varchar(255) NOT NULL,
  `status` tinyint(1) NOT NULL DEFAULT '1',
  PRIMARY KEY (`id`)
) ENGINE=InnoDB  DEFAULT CHARSET=utf8 AUTO_INCREMENT=2 ;

--
-- Дамп данных таблицы `section`
--

INSERT INTO `section` (`id`, `title`, `status`) VALUES
(1, 'Товары и ...', 1);

-- --------------------------------------------------------

--
-- Структура таблицы `settings`
--

CREATE TABLE IF NOT EXISTS `settings` (
  `id` tinyint(1) NOT NULL DEFAULT '1',
  `logo` varchar(255) DEFAULT NULL,
  `title` varchar(255) DEFAULT NULL,
  `version` varchar(4) DEFAULT NULL,
  PRIMARY KEY (`id`)
) ENGINE=InnoDB DEFAULT CHARSET=utf8;

--
-- Дамп данных таблицы `settings`
--

INSERT INTO `settings` (`id`, `logo`, `title`, `version`) VALUES
(1, '/images/site/files/logo1a.png', 'superценник.ру', '0.02');

-- --------------------------------------------------------

--
-- Структура таблицы `social`
--

CREATE TABLE IF NOT EXISTS `social` (
  `id` int(11) NOT NULL AUTO_INCREMENT,
  `icon` varchar(500) NOT NULL,
  `link` varchar(255) NOT NULL,
  `title` varchar(255) NOT NULL,
  `alt` varchar(255) NOT NULL,
  `status` tinyint(1) NOT NULL DEFAULT '1',
  PRIMARY KEY (`id`)
) ENGINE=InnoDB  DEFAULT CHARSET=utf8 AUTO_INCREMENT=3 ;

--
-- Дамп данных таблицы `social`
--

INSERT INTO `social` (`id`, `icon`, `link`, `title`, `alt`, `status`) VALUES
(1, 'Facebook.png', 'http://facebook.com', 'фасебук', 'фейсбук', 1),
(2, 'VKontakte.png', 'http://vk.com', 'Мы из джаза', 'Мы из джаза', 1);

-- --------------------------------------------------------

--
-- Структура таблицы `stat_banner`
--

CREATE TABLE IF NOT EXISTS `stat_banner` (
  `id` bigint(20) NOT NULL AUTO_INCREMENT,
  `banner_id` int(11) NOT NULL,
  `date` datetime NOT NULL,
  `city_id` int(11) NOT NULL,
  `pos_id` int(11) NOT NULL,
  PRIMARY KEY (`id`),
  KEY `banner_id` (`banner_id`,`city_id`,`pos_id`),
  KEY `city_id` (`city_id`),
  KEY `pos_id` (`pos_id`)
) ENGINE=InnoDB  DEFAULT CHARSET=utf8 AUTO_INCREMENT=3607 ;

--
-- Дамп данных таблицы `stat_banner`
--

INSERT INTO `stat_banner` (`id`, `banner_id`, `date`, `city_id`, `pos_id`) VALUES
(1, 2, '2013-04-14 13:50:00', 1, 1),
(2, 2, '2013-04-14 13:50:00', 1, 1),
(3, 1, '2013-04-14 13:50:00', 1, 1),
(4, 2, '2013-04-14 13:50:00', 1, 1),
(5, 1, '2013-04-14 14:06:00', 1, 1),
(6, 2, '2013-04-14 14:06:00', 1, 1),
(7, 3, '2013-04-14 14:07:00', 1, 1),
(8, 2, '2013-04-14 14:07:00', 1, 1),
(9, 2, '2013-04-14 15:24:00', 1, 1),
(10, 1, '2013-04-14 15:24:00', 1, 1),
(11, 2, '2013-04-14 15:26:00', 1, 1),
(12, 2, '2013-04-14 15:26:00', 1, 1),
(13, 2, '2013-04-14 15:26:00', 1, 1),
(14, 2, '2013-04-14 15:26:00', 1, 1),
(15, 3, '2013-04-14 15:27:00', 1, 1),
(16, 1, '2013-04-14 15:27:00', 1, 1),
(17, 1, '2013-04-16 21:07:00', 1, 1),
(18, 2, '2013-04-16 21:07:00', 1, 1),
(19, 2, '2013-04-16 21:07:00', 1, 1),
(20, 3, '2013-04-16 21:07:00', 1, 1),
(21, 3, '2013-04-16 21:07:00', 1, 1),
(22, 3, '2013-04-16 21:14:00', 1, 1),
(23, 3, '2013-04-16 21:14:00', 1, 1),
(24, 2, '2013-04-16 23:02:00', 1, 1),
(25, 2, '2013-04-16 23:02:00', 1, 1),
(26, 2, '2013-04-16 23:02:00', 1, 1),
(27, 2, '2013-04-16 23:03:00', 1, 1),
(28, 1, '2013-04-16 23:03:00', 1, 1),
(29, 1, '2013-04-16 23:03:00', 1, 1),
(30, 2, '2013-04-16 23:03:00', 1, 1),
(31, 3, '2013-04-16 23:14:00', 1, 1),
(32, 2, '2013-04-16 23:14:00', 1, 1),
(33, 3, '2013-04-16 23:15:00', 1, 1),
(34, 2, '2013-04-16 23:15:00', 1, 1),
(35, 3, '2013-04-16 23:15:00', 1, 1),
(36, 2, '2013-04-16 23:15:00', 1, 1),
(37, 1, '2013-04-16 23:15:00', 1, 1),
(38, 2, '2013-04-16 23:17:00', 1, 1),
(39, 3, '2013-04-16 23:17:00', 1, 1),
(40, 2, '2013-04-16 23:18:00', 1, 1),
(41, 2, '2013-04-16 23:18:00', 1, 1),
(42, 2, '2013-04-16 23:20:00', 1, 1),
(43, 2, '2013-04-16 23:20:00', 1, 1),
(44, 2, '2013-04-16 23:20:00', 1, 1),
(45, 2, '2013-04-16 23:20:00', 1, 1),
(46, 3, '2013-04-16 23:46:00', 1, 1),
(47, 3, '2013-04-16 23:46:00', 1, 1),
(48, 2, '2013-04-16 23:57:00', 1, 1),
(49, 2, '2013-04-16 23:57:00', 1, 1),
(50, 2, '2013-04-17 00:00:00', 1, 1),
(51, 3, '2013-04-17 00:00:00', 1, 1),
(52, 1, '2013-04-17 00:02:00', 1, 1),
(53, 2, '2013-04-17 00:03:00', 1, 1),
(54, 2, '2013-04-17 00:07:00', 1, 1),
(55, 2, '2013-04-17 00:07:00', 1, 1),
(56, 1, '2013-04-17 00:09:00', 1, 1),
(57, 2, '2013-04-17 00:09:00', 1, 1),
(58, 1, '2013-04-17 00:10:00', 1, 1),
(59, 3, '2013-04-17 00:16:00', 1, 1),
(60, 1, '2013-04-17 00:16:00', 1, 1),
(61, 3, '2013-04-17 00:17:00', 1, 1),
(62, 3, '2013-04-17 00:17:00', 1, 1),
(63, 2, '2013-04-17 00:17:00', 1, 1),
(64, 3, '2013-04-17 00:17:00', 1, 1),
(65, 3, '2013-04-17 00:17:00', 1, 1),
(66, 2, '2013-04-17 00:18:00', 1, 1),
(67, 2, '2013-04-17 00:18:00', 1, 1),
(68, 2, '2013-04-17 00:18:00', 1, 1),
(69, 1, '2013-04-17 00:18:00', 1, 1),
(70, 1, '2013-04-17 00:18:00', 1, 1),
(71, 2, '2013-04-17 00:18:00', 1, 1),
(72, 3, '2013-04-17 00:20:00', 1, 1),
(73, 2, '2013-04-17 00:20:00', 1, 1),
(74, 3, '2013-04-17 00:28:00', 1, 1),
(75, 2, '2013-04-17 00:28:00', 1, 1),
(76, 3, '2013-04-17 00:29:00', 1, 1),
(77, 2, '2013-04-17 00:29:00', 1, 1),
(78, 3, '2013-04-17 00:35:00', 1, 1),
(79, 3, '2013-04-17 00:35:00', 1, 1),
(80, 1, '2013-04-17 00:41:00', 1, 1),
(81, 3, '2013-04-17 00:41:00', 1, 1),
(82, 2, '2013-04-17 00:48:00', 1, 1),
(83, 3, '2013-04-17 00:48:00', 1, 1),
(84, 1, '2013-04-17 00:55:00', 1, 1),
(85, 2, '2013-04-17 00:55:00', 1, 1),
(86, 3, '2013-04-17 00:55:00', 1, 1),
(87, 2, '2013-04-17 01:28:00', 1, 1),
(88, 2, '2013-04-17 01:33:00', 1, 1),
(89, 3, '2013-04-17 01:33:00', 1, 1),
(90, 3, '2013-04-17 01:36:00', 1, 1),
(91, 3, '2013-04-17 01:36:00', 1, 1),
(92, 2, '2013-04-17 01:37:00', 1, 1),
(93, 1, '2013-04-17 01:37:00', 1, 1),
(94, 2, '2013-04-17 01:42:00', 1, 1),
(95, 3, '2013-04-17 01:42:00', 1, 1),
(96, 3, '2013-04-17 01:44:00', 1, 1),
(97, 2, '2013-04-17 01:44:00', 1, 1),
(98, 2, '2013-04-17 01:49:00', 1, 1),
(99, 3, '2013-04-17 01:49:00', 1, 1),
(100, 1, '2013-04-17 01:53:00', 1, 1),
(101, 2, '2013-04-17 01:55:00', 1, 1),
(102, 2, '2013-04-17 01:57:00', 1, 1),
(103, 1, '2013-04-17 01:59:00', 1, 1),
(104, 3, '2013-04-17 02:00:00', 1, 1),
(105, 1, '2013-04-17 02:01:00', 1, 1),
(106, 1, '2013-04-17 02:07:00', 1, 1),
(107, 2, '2013-04-17 17:59:00', 1, 1),
(108, 1, '2013-04-17 17:59:00', 1, 1),
(109, 1, '2013-04-17 17:59:00', 1, 1),
(110, 2, '2013-04-17 17:59:00', 1, 1),
(111, 2, '2013-04-17 17:59:00', 1, 1),
(112, 2, '2013-04-17 18:03:00', 1, 1),
(113, 3, '2013-04-17 18:04:00', 1, 1),
(114, 1, '2013-04-17 18:05:00', 1, 1),
(115, 2, '2013-04-17 18:06:00', 1, 1),
(116, 1, '2013-04-17 18:06:00', 1, 1),
(117, 2, '2013-04-17 18:08:00', 1, 1),
(118, 1, '2013-04-17 18:09:00', 1, 1),
(119, 1, '2013-04-17 18:10:00', 1, 1),
(120, 2, '2013-04-17 18:14:00', 1, 1),
(121, 1, '2013-04-17 18:15:00', 1, 1),
(122, 2, '2013-04-17 18:17:00', 1, 1),
(123, 2, '2013-04-17 18:21:00', 1, 1),
(124, 3, '2013-04-17 18:22:00', 1, 1),
(125, 2, '2013-04-17 18:25:00', 1, 1),
(126, 3, '2013-04-17 18:26:00', 1, 1),
(127, 1, '2013-04-17 18:37:00', 1, 1),
(128, 3, '2013-04-17 18:38:00', 1, 1),
(129, 2, '2013-04-17 18:39:00', 1, 1),
(130, 3, '2013-04-17 18:44:00', 1, 1),
(131, 2, '2013-04-17 18:48:00', 1, 1),
(132, 2, '2013-04-17 18:52:00', 1, 1),
(133, 2, '2013-04-17 18:53:00', 1, 1),
(134, 2, '2013-04-17 18:55:00', 1, 1),
(135, 3, '2013-04-17 19:01:00', 1, 1),
(136, 2, '2013-04-17 19:02:00', 1, 1),
(137, 2, '2013-04-17 19:15:00', 1, 1),
(138, 3, '2013-04-17 19:17:00', 1, 1),
(139, 1, '2013-04-17 19:21:00', 1, 1),
(140, 3, '2013-04-17 19:23:00', 1, 1),
(141, 1, '2013-04-17 19:36:00', 1, 1),
(142, 1, '2013-04-17 19:38:00', 1, 1),
(143, 2, '2013-04-17 19:38:00', 1, 1),
(144, 2, '2013-04-17 19:39:00', 1, 1),
(145, 3, '2013-04-17 19:40:00', 1, 1),
(146, 2, '2013-04-17 19:42:00', 1, 1),
(147, 3, '2013-04-17 19:43:00', 1, 1),
(148, 2, '2013-04-17 19:46:00', 1, 1),
(149, 3, '2013-04-17 19:46:00', 1, 1),
(150, 3, '2013-04-17 19:54:00', 1, 1),
(151, 2, '2013-04-17 19:59:00', 1, 1),
(152, 3, '2013-04-17 19:59:00', 1, 1),
(153, 3, '2013-04-17 20:02:00', 1, 1),
(154, 2, '2013-04-17 20:02:00', 1, 1),
(155, 3, '2013-04-17 20:05:00', 1, 1),
(156, 2, '2013-04-17 20:05:00', 1, 1),
(157, 2, '2013-04-17 20:08:00', 1, 1),
(158, 2, '2013-04-17 20:08:00', 1, 1),
(159, 2, '2013-04-17 20:08:00', 1, 1),
(160, 2, '2013-04-17 20:08:00', 1, 1),
(161, 2, '2013-04-17 20:09:00', 1, 1),
(162, 2, '2013-04-17 20:10:00', 1, 1),
(163, 2, '2013-04-17 20:10:00', 1, 1),
(164, 2, '2013-04-17 20:11:00', 1, 1),
(165, 2, '2013-04-17 20:11:00', 1, 1),
(166, 2, '2013-04-17 20:16:00', 1, 1),
(167, 2, '2013-04-17 20:17:00', 1, 1),
(168, 2, '2013-04-17 23:35:00', 1, 1),
(169, 3, '2013-04-17 23:36:00', 1, 1),
(170, 1, '2013-04-17 23:36:00', 1, 1),
(171, 3, '2013-04-18 12:27:00', 1, 1),
(172, 2, '2013-04-18 12:27:00', 1, 1),
(173, 2, '2013-04-18 12:27:00', 1, 1),
(174, 1, '2013-04-18 12:27:00', 1, 1),
(175, 2, '2013-04-18 12:27:00', 1, 1),
(176, 1, '2013-04-18 12:27:00', 1, 1),
(177, 3, '2013-04-18 12:27:00', 1, 1),
(178, 1, '2013-04-18 12:28:00', 1, 1),
(179, 2, '2013-04-18 12:28:00', 1, 1),
(180, 1, '2013-04-18 12:29:00', 1, 1),
(181, 3, '2013-04-18 12:29:00', 1, 1),
(182, 1, '2013-04-18 12:30:00', 1, 1),
(183, 3, '2013-04-18 12:31:00', 1, 1),
(184, 2, '2013-04-18 12:31:00', 1, 1),
(185, 3, '2013-04-18 12:31:00', 1, 1),
(186, 2, '2013-04-18 12:32:00', 1, 1),
(187, 2, '2013-04-18 12:32:00', 1, 1),
(188, 3, '2013-04-18 12:34:00', 1, 1),
(189, 2, '2013-04-18 12:34:00', 1, 1),
(190, 3, '2013-04-18 12:34:00', 1, 1),
(191, 1, '2013-04-18 12:34:00', 1, 1),
(192, 2, '2013-04-18 12:35:00', 1, 1),
(193, 3, '2013-04-18 12:35:00', 1, 1),
(194, 1, '2013-04-18 12:35:00', 1, 1),
(195, 2, '2013-04-18 12:36:00', 1, 1),
(196, 2, '2013-04-18 12:44:00', 1, 1),
(197, 1, '2013-04-18 12:44:00', 1, 1),
(198, 2, '2013-04-18 12:48:00', 1, 1),
(199, 3, '2013-04-18 12:49:00', 1, 1),
(200, 2, '2013-04-18 13:20:00', 1, 1),
(201, 2, '2013-04-18 13:31:00', 1, 1),
(202, 2, '2013-04-18 13:31:00', 1, 1),
(203, 2, '2013-04-18 13:34:00', 1, 1),
(204, 1, '2013-04-18 13:35:00', 1, 1),
(205, 2, '2013-04-18 13:35:00', 1, 1),
(206, 3, '2013-04-18 13:35:00', 1, 1),
(207, 2, '2013-04-18 13:36:00', 1, 1),
(208, 3, '2013-04-18 13:37:00', 1, 1),
(209, 2, '2013-04-18 13:37:00', 1, 1),
(210, 3, '2013-04-18 13:37:00', 1, 1),
(211, 3, '2013-04-18 13:38:00', 1, 1),
(212, 2, '2013-04-18 13:56:00', 1, 1),
(213, 2, '2013-04-18 14:00:00', 1, 1),
(214, 3, '2013-04-18 14:01:00', 1, 1),
(215, 2, '2013-04-18 14:01:00', 1, 1),
(216, 2, '2013-04-18 14:09:00', 1, 1),
(217, 3, '2013-04-18 14:16:00', 1, 1),
(218, 2, '2013-04-18 14:16:00', 1, 1),
(219, 1, '2013-04-18 14:21:00', 1, 1),
(220, 3, '2013-04-18 14:29:00', 1, 1),
(221, 2, '2013-04-18 14:30:00', 1, 1),
(222, 2, '2013-04-18 14:38:00', 1, 1),
(223, 3, '2013-04-18 14:38:00', 1, 1),
(224, 1, '2013-04-18 14:39:00', 1, 1),
(225, 1, '2013-04-18 14:48:00', 1, 1),
(226, 2, '2013-04-18 14:50:00', 1, 1),
(227, 1, '2013-04-18 14:52:00', 1, 1),
(228, 2, '2013-04-18 14:52:00', 1, 1),
(229, 2, '2013-04-18 15:00:00', 1, 1),
(230, 3, '2013-04-18 15:00:00', 1, 1),
(231, 3, '2013-04-18 15:02:00', 1, 1),
(232, 3, '2013-04-18 15:05:00', 1, 1),
(233, 3, '2013-04-18 15:06:00', 1, 1),
(234, 2, '2013-04-18 15:06:00', 1, 1),
(235, 2, '2013-04-18 15:07:00', 1, 1),
(236, 1, '2013-04-18 15:15:00', 1, 1),
(237, 1, '2013-04-18 15:15:00', 1, 1),
(238, 1, '2013-04-18 15:15:00', 1, 1),
(239, 1, '2013-04-18 15:17:00', 1, 1),
(240, 3, '2013-04-18 15:20:00', 1, 1),
(241, 1, '2013-04-18 15:21:00', 1, 1),
(242, 3, '2013-04-18 15:21:00', 1, 1),
(243, 3, '2013-04-18 15:21:00', 1, 1),
(244, 1, '2013-04-18 15:21:00', 1, 1),
(245, 3, '2013-04-18 15:21:00', 1, 1),
(246, 2, '2013-04-18 15:21:00', 1, 1),
(247, 2, '2013-04-18 15:22:00', 1, 1),
(248, 3, '2013-04-18 15:22:00', 1, 1),
(249, 3, '2013-04-18 15:22:00', 1, 1),
(250, 3, '2013-04-18 15:23:00', 1, 1),
(251, 2, '2013-04-18 15:23:00', 1, 1),
(252, 2, '2013-04-18 15:23:00', 1, 1),
(253, 2, '2013-04-18 15:23:00', 1, 1),
(254, 3, '2013-04-18 15:23:00', 1, 1),
(255, 2, '2013-04-18 15:23:00', 1, 1),
(256, 2, '2013-04-18 15:24:00', 1, 1),
(257, 2, '2013-04-18 15:24:00', 1, 1),
(258, 2, '2013-04-18 15:24:00', 1, 1),
(259, 2, '2013-04-18 15:24:00', 1, 1),
(260, 2, '2013-04-18 15:24:00', 1, 1),
(261, 2, '2013-04-18 15:25:00', 1, 1),
(262, 2, '2013-04-18 15:25:00', 1, 1),
(263, 2, '2013-04-18 15:25:00', 1, 1),
(264, 2, '2013-04-18 15:26:00', 1, 1),
(265, 2, '2013-04-18 15:26:00', 1, 1),
(266, 2, '2013-04-18 15:26:00', 1, 1),
(267, 2, '2013-04-18 15:27:00', 1, 1),
(268, 1, '2013-04-18 15:27:00', 1, 1),
(269, 3, '2013-04-18 15:41:00', 1, 1),
(270, 2, '2013-04-18 15:41:00', 1, 1),
(271, 3, '2013-04-18 15:41:00', 1, 1),
(272, 2, '2013-04-18 15:42:00', 1, 1),
(273, 1, '2013-04-18 15:42:00', 1, 1),
(274, 1, '2013-04-18 15:42:00', 1, 1),
(275, 3, '2013-04-18 15:42:00', 1, 1),
(276, 1, '2013-04-18 15:53:00', 1, 1),
(277, 1, '2013-04-18 15:53:00', 1, 1),
(278, 1, '2013-04-18 15:55:00', 1, 1),
(279, 3, '2013-04-18 15:55:00', 1, 1),
(280, 1, '2013-04-18 15:56:00', 1, 1),
(281, 3, '2013-04-18 15:56:00', 1, 1),
(282, 2, '2013-04-18 15:57:00', 1, 1),
(283, 3, '2013-04-18 15:57:00', 1, 1),
(284, 2, '2013-04-18 15:59:00', 1, 1),
(285, 3, '2013-04-18 15:59:00', 1, 1),
(286, 2, '2013-04-18 16:07:00', 1, 1),
(287, 3, '2013-04-18 16:07:00', 1, 1),
(288, 1, '2013-04-18 16:07:00', 1, 1),
(289, 1, '2013-04-18 16:09:00', 1, 1),
(290, 2, '2013-04-18 16:09:00', 1, 1),
(291, 2, '2013-04-18 16:10:00', 1, 1),
(292, 3, '2013-04-18 16:11:00', 1, 1),
(293, 2, '2013-04-18 16:20:00', 1, 1),
(294, 2, '2013-04-18 16:20:00', 1, 1),
(295, 3, '2013-04-18 16:21:00', 1, 1),
(296, 2, '2013-04-18 16:21:00', 1, 1),
(297, 3, '2013-04-18 16:24:00', 1, 1),
(298, 3, '2013-04-18 16:24:00', 1, 1),
(299, 2, '2013-04-18 16:27:00', 1, 1),
(300, 2, '2013-04-18 16:28:00', 1, 1),
(301, 2, '2013-04-18 16:29:00', 1, 1),
(302, 3, '2013-04-18 16:29:00', 1, 1),
(303, 2, '2013-04-18 16:30:00', 1, 1),
(304, 2, '2013-04-18 16:30:00', 1, 1),
(305, 2, '2013-04-18 16:31:00', 1, 1),
(306, 1, '2013-04-18 16:31:00', 1, 1),
(307, 3, '2013-04-18 16:32:00', 1, 1),
(308, 1, '2013-04-18 16:32:00', 1, 1),
(309, 3, '2013-04-18 16:33:00', 1, 1),
(310, 2, '2013-04-18 16:33:00', 1, 1),
(311, 3, '2013-04-18 16:33:00', 1, 1),
(312, 3, '2013-04-18 16:33:00', 1, 1),
(313, 3, '2013-04-18 16:35:00', 1, 1),
(314, 2, '2013-04-18 16:35:00', 1, 1),
(315, 2, '2013-04-18 16:36:00', 1, 1),
(316, 2, '2013-04-18 16:36:00', 1, 1),
(317, 1, '2013-04-18 16:38:00', 1, 1),
(318, 2, '2013-04-18 16:39:00', 1, 1),
(319, 3, '2013-04-18 16:43:00', 1, 1),
(320, 1, '2013-04-18 16:43:00', 1, 1),
(321, 2, '2013-04-18 16:45:00', 1, 1),
(322, 3, '2013-04-18 16:45:00', 1, 1),
(323, 3, '2013-04-18 16:52:00', 1, 1),
(324, 2, '2013-04-18 16:52:00', 1, 1),
(325, 2, '2013-04-18 16:56:00', 1, 1),
(326, 1, '2013-04-18 16:58:00', 1, 1),
(327, 1, '2013-04-18 17:03:00', 1, 1),
(328, 3, '2013-04-18 17:07:00', 1, 1),
(329, 3, '2013-04-18 17:09:00', 1, 1),
(330, 3, '2013-04-18 17:09:00', 1, 1),
(331, 1, '2013-04-18 17:09:00', 1, 1),
(332, 2, '2013-04-18 17:11:00', 1, 1),
(333, 2, '2013-04-18 17:11:00', 1, 1),
(334, 3, '2013-04-18 17:13:00', 1, 1),
(335, 3, '2013-04-18 17:13:00', 1, 1),
(336, 3, '2013-04-18 17:15:00', 1, 1),
(337, 2, '2013-04-18 17:46:00', 1, 1),
(338, 1, '2013-04-18 17:46:00', 1, 1),
(339, 2, '2013-04-18 17:46:00', 1, 1),
(340, 2, '2013-04-18 17:46:00', 1, 1),
(341, 1, '2013-04-18 17:59:00', 1, 1),
(342, 2, '2013-04-18 17:59:00', 1, 1),
(343, 2, '2013-04-18 18:00:00', 1, 1),
(344, 1, '2013-04-18 18:00:00', 1, 1),
(345, 2, '2013-04-18 18:04:00', 1, 1),
(346, 3, '2013-04-18 18:04:00', 1, 1),
(347, 1, '2013-04-18 18:07:00', 1, 1),
(348, 3, '2013-04-18 18:07:00', 1, 1),
(349, 2, '2013-04-18 18:07:00', 1, 1),
(350, 2, '2013-04-18 18:07:00', 1, 1),
(351, 2, '2013-04-18 18:10:00', 1, 1),
(352, 2, '2013-04-18 18:10:00', 1, 1),
(353, 2, '2013-04-18 18:23:00', 1, 1),
(354, 2, '2013-04-18 18:28:00', 1, 1),
(355, 2, '2013-04-18 18:30:00', 1, 1),
(356, 3, '2013-04-18 18:49:00', 1, 1),
(357, 2, '2013-04-18 18:50:00', 1, 1),
(358, 2, '2013-04-18 18:50:00', 1, 1),
(359, 2, '2013-04-18 18:57:00', 1, 1),
(360, 2, '2013-04-18 18:57:00', 1, 1),
(361, 2, '2013-04-18 18:57:00', 1, 1),
(362, 2, '2013-04-18 18:57:00', 1, 1),
(363, 2, '2013-04-18 18:58:00', 1, 1),
(364, 2, '2013-04-18 18:58:00', 1, 1),
(365, 2, '2013-04-18 19:01:00', 1, 1),
(366, 2, '2013-04-18 19:01:00', 1, 1),
(367, 2, '2013-04-18 19:09:00', 1, 1),
(368, 2, '2013-04-18 19:09:00', 1, 1),
(369, 3, '2013-04-18 19:14:00', 1, 1),
(370, 2, '2013-04-18 19:14:00', 1, 1),
(371, 3, '2013-04-18 19:20:00', 1, 1),
(372, 1, '2013-04-18 19:21:00', 1, 1),
(373, 2, '2013-04-18 19:22:00', 1, 1),
(374, 2, '2013-04-18 19:22:00', 1, 1),
(375, 1, '2013-04-18 19:23:00', 1, 1),
(376, 2, '2013-04-18 19:23:00', 1, 1),
(377, 2, '2013-04-18 19:37:00', 1, 1),
(378, 2, '2013-04-18 19:37:00', 1, 1),
(379, 2, '2013-04-18 19:37:00', 1, 1),
(380, 1, '2013-04-18 19:38:00', 1, 1),
(381, 1, '2013-04-18 19:38:00', 1, 1),
(382, 2, '2013-04-18 19:41:00', 1, 1),
(383, 3, '2013-04-18 19:42:00', 1, 1),
(384, 1, '2013-04-18 19:45:00', 1, 1),
(385, 2, '2013-04-18 19:45:00', 1, 1),
(386, 1, '2013-04-18 19:46:00', 1, 1),
(387, 1, '2013-04-18 19:47:00', 1, 1),
(388, 2, '2013-04-18 19:47:00', 1, 1),
(389, 2, '2013-04-18 19:48:00', 1, 1),
(390, 1, '2013-04-18 19:53:00', 1, 1),
(391, 2, '2013-04-18 19:53:00', 1, 1),
(392, 3, '2013-04-18 20:05:00', 1, 1),
(393, 1, '2013-04-18 20:05:00', 1, 1),
(394, 3, '2013-04-18 20:05:00', 1, 1),
(395, 1, '2013-04-18 20:06:00', 1, 1),
(396, 1, '2013-04-18 20:06:00', 1, 1),
(397, 1, '2013-04-18 20:12:00', 1, 1),
(398, 1, '2013-04-18 20:13:00', 1, 1),
(399, 3, '2013-04-18 20:13:00', 1, 1),
(400, 1, '2013-04-18 20:15:00', 1, 1),
(401, 2, '2013-04-18 20:16:00', 1, 1),
(402, 1, '2013-04-18 20:19:00', 1, 1),
(403, 2, '2013-04-18 20:19:00', 1, 1),
(404, 2, '2013-04-18 20:21:00', 1, 1),
(405, 2, '2013-04-18 20:25:00', 1, 1),
(406, 3, '2013-04-18 20:25:00', 1, 1),
(407, 1, '2013-04-18 20:27:00', 1, 1),
(408, 2, '2013-04-18 20:27:00', 1, 1),
(409, 3, '2013-04-18 20:29:00', 1, 1),
(410, 2, '2013-04-18 20:29:00', 1, 1),
(411, 3, '2013-04-18 20:29:00', 1, 1),
(412, 3, '2013-04-18 20:29:00', 1, 1),
(413, 3, '2013-04-18 20:30:00', 1, 1),
(414, 1, '2013-04-18 20:31:00', 1, 1),
(415, 2, '2013-04-18 20:32:00', 1, 1),
(416, 3, '2013-04-18 20:33:00', 1, 1),
(417, 3, '2013-04-18 20:33:00', 1, 1),
(418, 3, '2013-04-18 20:34:00', 1, 1),
(419, 2, '2013-04-18 20:34:00', 1, 1),
(420, 3, '2013-04-18 20:35:00', 1, 1),
(421, 1, '2013-04-18 20:35:00', 1, 1),
(422, 2, '2013-04-18 20:36:00', 1, 1),
(423, 2, '2013-04-18 20:36:00', 1, 1),
(424, 2, '2013-04-18 20:37:00', 1, 1),
(425, 3, '2013-04-18 20:37:00', 1, 1),
(426, 1, '2013-04-18 20:37:00', 1, 1),
(427, 3, '2013-04-18 20:38:00', 1, 1),
(428, 2, '2013-04-18 20:38:00', 1, 1),
(429, 2, '2013-04-18 20:43:00', 1, 1),
(430, 1, '2013-04-18 20:43:00', 1, 1),
(431, 3, '2013-04-18 20:43:00', 1, 1),
(432, 2, '2013-04-18 20:43:00', 1, 1),
(433, 2, '2013-04-18 20:44:00', 1, 1),
(434, 2, '2013-04-18 20:49:00', 1, 1),
(435, 3, '2013-04-18 20:49:00', 1, 1),
(436, 2, '2013-04-18 20:50:00', 1, 1),
(437, 3, '2013-04-18 20:50:00', 1, 1),
(438, 2, '2013-04-18 20:51:00', 1, 1),
(439, 3, '2013-04-18 20:51:00', 1, 1),
(440, 2, '2013-04-18 20:52:00', 1, 1),
(441, 2, '2013-04-18 20:52:00', 1, 1),
(442, 2, '2013-04-18 20:57:00', 1, 1),
(443, 2, '2013-04-18 20:57:00', 1, 1),
(444, 2, '2013-04-18 20:57:00', 1, 1),
(445, 3, '2013-04-18 20:58:00', 1, 1),
(446, 3, '2013-04-18 20:58:00', 1, 1),
(447, 2, '2013-04-18 20:58:00', 1, 1),
(448, 2, '2013-04-18 21:00:00', 1, 1),
(449, 2, '2013-04-18 21:00:00', 1, 1),
(450, 2, '2013-04-18 21:01:00', 1, 1),
(451, 2, '2013-04-18 21:01:00', 1, 1),
(452, 3, '2013-04-18 21:01:00', 1, 1),
(453, 2, '2013-04-18 21:01:00', 1, 1),
(454, 2, '2013-04-18 21:09:00', 1, 1),
(455, 3, '2013-04-18 21:10:00', 1, 1),
(456, 2, '2013-04-19 13:35:00', 1, 1),
(457, 2, '2013-04-19 13:35:00', 1, 1),
(458, 2, '2013-04-19 13:35:00', 1, 1),
(459, 2, '2013-04-19 13:35:00', 1, 1),
(460, 2, '2013-04-19 15:29:00', 1, 1),
(461, 3, '2013-04-19 15:30:00', 1, 1),
(462, 2, '2013-04-19 15:30:00', 1, 1),
(463, 2, '2013-04-20 18:19:00', 1, 1),
(464, 3, '2013-04-20 18:19:00', 1, 1),
(465, 3, '2013-04-20 18:19:00', 1, 1),
(466, 3, '2013-04-20 18:50:00', 1, 1),
(467, 3, '2013-04-20 18:50:00', 1, 1),
(468, 1, '2013-04-20 18:50:00', 1, 1),
(469, 2, '2013-04-20 18:50:00', 1, 1),
(470, 1, '2013-04-20 21:14:00', 1, 1),
(471, 3, '2013-04-20 21:14:00', 1, 1),
(472, 2, '2013-04-20 21:14:00', 1, 1),
(473, 2, '2013-04-20 21:14:00', 1, 1),
(474, 2, '2013-04-20 21:14:00', 1, 1),
(475, 3, '2013-04-20 21:26:00', 1, 1),
(476, 2, '2013-04-20 21:26:00', 1, 1),
(477, 3, '2013-04-20 21:27:00', 1, 1),
(478, 3, '2013-04-20 21:27:00', 1, 1),
(479, 3, '2013-04-20 21:27:00', 1, 1),
(480, 3, '2013-04-20 21:44:00', 1, 1),
(481, 3, '2013-04-20 21:44:00', 1, 1),
(482, 1, '2013-04-20 21:45:00', 1, 1),
(483, 2, '2013-04-20 21:45:00', 1, 1),
(484, 1, '2013-04-20 21:47:00', 1, 1),
(485, 2, '2013-04-20 21:48:00', 1, 1),
(486, 2, '2013-04-20 21:48:00', 1, 1),
(487, 3, '2013-04-20 21:57:00', 1, 1),
(488, 1, '2013-04-20 21:57:00', 1, 1),
(489, 3, '2013-04-20 22:04:00', 1, 1),
(490, 2, '2013-04-20 22:04:00', 1, 1),
(491, 1, '2013-04-20 22:04:00', 1, 1),
(492, 2, '2013-04-20 22:04:00', 1, 1),
(493, 1, '2013-04-20 22:16:00', 1, 1),
(494, 1, '2013-04-20 23:24:00', 1, 1),
(495, 1, '2013-04-20 23:32:00', 1, 1),
(496, 2, '2013-04-20 23:33:00', 1, 1),
(497, 3, '2013-04-20 23:35:00', 1, 1),
(498, 2, '2013-04-20 23:37:00', 1, 1),
(499, 2, '2013-04-20 23:39:00', 1, 1),
(500, 2, '2013-04-20 23:40:00', 1, 1),
(501, 1, '2013-04-20 23:41:00', 1, 1),
(502, 2, '2013-04-20 23:55:00', 1, 1),
(503, 1, '2013-04-21 00:16:00', 1, 1),
(504, 3, '2013-04-21 00:17:00', 1, 1),
(505, 2, '2013-04-21 00:21:00', 1, 1),
(506, 2, '2013-04-21 00:23:00', 1, 1),
(507, 2, '2013-04-21 00:29:00', 1, 1),
(508, 2, '2013-04-21 00:36:00', 1, 1),
(509, 1, '2013-04-21 00:37:00', 1, 1),
(510, 1, '2013-04-21 00:38:00', 1, 1),
(511, 3, '2013-04-21 00:42:00', 1, 1),
(512, 2, '2013-04-21 16:15:00', 1, 1),
(513, 1, '2013-04-21 16:15:00', 1, 1),
(514, 1, '2013-04-21 16:15:00', 1, 1),
(515, 2, '2013-04-21 16:15:00', 1, 1),
(516, 2, '2013-04-21 16:25:00', 1, 1),
(517, 3, '2013-04-21 16:25:00', 1, 1),
(518, 1, '2013-04-21 16:25:00', 1, 1),
(519, 3, '2013-04-21 16:32:00', 1, 1),
(520, 2, '2013-04-21 16:35:00', 1, 1),
(521, 1, '2013-04-21 16:37:00', 1, 1),
(522, 2, '2013-04-21 16:37:00', 1, 1),
(523, 2, '2013-04-21 16:37:00', 1, 1),
(524, 1, '2013-04-21 16:38:00', 1, 1),
(525, 2, '2013-04-21 16:55:00', 1, 1),
(526, 2, '2013-04-21 16:55:00', 1, 1),
(527, 1, '2013-04-21 16:55:00', 1, 1),
(528, 3, '2013-04-21 16:58:00', 1, 1),
(529, 2, '2013-04-21 16:58:00', 1, 1),
(530, 3, '2013-04-21 16:59:00', 1, 1),
(531, 2, '2013-04-21 16:59:00', 1, 1),
(532, 2, '2013-04-21 17:03:00', 1, 1),
(533, 3, '2013-04-21 17:03:00', 1, 1),
(534, 3, '2013-04-21 17:03:00', 1, 1),
(535, 2, '2013-04-21 17:09:00', 1, 1),
(536, 3, '2013-04-21 17:09:00', 1, 1),
(537, 2, '2013-04-21 17:09:00', 1, 1),
(538, 3, '2013-04-21 17:09:00', 1, 1),
(539, 2, '2013-04-21 17:09:00', 1, 1),
(540, 2, '2013-04-21 17:09:00', 1, 1),
(541, 3, '2013-04-21 17:09:00', 1, 1),
(542, 2, '2013-04-21 17:09:00', 1, 1),
(543, 3, '2013-04-21 17:09:00', 1, 1),
(544, 3, '2013-04-21 17:09:00', 1, 1),
(545, 1, '2013-04-21 17:09:00', 1, 1),
(546, 2, '2013-04-21 17:11:00', 1, 1),
(547, 2, '2013-04-21 17:11:00', 1, 1),
(548, 2, '2013-04-21 17:11:00', 1, 1),
(549, 2, '2013-04-21 17:24:00', 1, 1),
(550, 2, '2013-04-21 17:24:00', 1, 1),
(551, 2, '2013-04-21 17:24:00', 1, 1),
(552, 2, '2013-04-21 17:24:00', 1, 1),
(553, 2, '2013-04-21 17:28:00', 1, 1),
(554, 2, '2013-04-21 17:28:00', 1, 1),
(555, 2, '2013-04-21 17:53:00', 1, 1),
(556, 3, '2013-04-21 17:53:00', 1, 1),
(557, 3, '2013-04-21 17:53:00', 1, 1),
(558, 3, '2013-04-21 17:53:00', 1, 1),
(559, 2, '2013-04-21 17:55:00', 1, 1),
(560, 2, '2013-04-21 17:55:00', 1, 1),
(561, 2, '2013-04-21 17:55:00', 1, 1),
(562, 2, '2013-04-21 17:57:00', 1, 1),
(563, 3, '2013-04-21 17:57:00', 1, 1),
(564, 2, '2013-04-21 17:57:00', 1, 1),
(565, 3, '2013-04-21 17:57:00', 1, 1),
(566, 3, '2013-04-21 17:57:00', 1, 1),
(567, 3, '2013-04-21 17:59:00', 1, 1),
(568, 3, '2013-04-21 17:59:00', 1, 1),
(569, 2, '2013-04-21 17:59:00', 1, 1),
(570, 2, '2013-04-21 17:59:00', 1, 1),
(571, 1, '2013-04-21 18:00:00', 1, 1),
(572, 1, '2013-04-21 18:00:00', 1, 1),
(573, 1, '2013-04-21 18:00:00', 1, 1),
(574, 1, '2013-04-21 18:00:00', 1, 1),
(575, 2, '2013-04-21 18:00:00', 1, 1),
(576, 2, '2013-04-21 18:01:00', 1, 1),
(577, 1, '2013-04-21 18:08:00', 1, 1),
(578, 2, '2013-04-21 18:09:00', 1, 1),
(579, 3, '2013-04-21 18:09:00', 1, 1),
(580, 1, '2013-04-21 18:12:00', 1, 1),
(581, 3, '2013-04-21 18:16:00', 1, 1),
(582, 2, '2013-04-21 18:16:00', 1, 1),
(583, 2, '2013-04-21 18:17:00', 1, 1),
(584, 2, '2013-04-21 18:20:00', 1, 1),
(585, 3, '2013-04-21 18:21:00', 1, 1),
(586, 1, '2013-04-21 18:23:00', 1, 1),
(587, 2, '2013-04-21 18:24:00', 1, 1),
(588, 2, '2013-04-21 18:25:00', 1, 1),
(589, 2, '2013-04-21 18:26:00', 1, 1),
(590, 1, '2013-04-21 18:26:00', 1, 1),
(591, 1, '2013-04-21 18:28:00', 1, 1),
(592, 3, '2013-04-21 18:28:00', 1, 1),
(593, 2, '2013-04-21 18:28:00', 1, 1),
(594, 3, '2013-04-21 18:28:00', 1, 1),
(595, 3, '2013-04-21 18:29:00', 1, 1),
(596, 2, '2013-04-21 18:34:00', 1, 1),
(597, 3, '2013-04-21 18:40:00', 1, 1),
(598, 2, '2013-04-21 18:42:00', 1, 1),
(599, 2, '2013-04-21 18:42:00', 1, 1),
(600, 2, '2013-04-21 18:42:00', 1, 1),
(601, 3, '2013-04-21 18:45:00', 1, 1),
(602, 3, '2013-04-21 18:45:00', 1, 1),
(603, 1, '2013-04-21 18:55:00', 1, 1),
(604, 3, '2013-04-21 18:55:00', 1, 1),
(605, 3, '2013-04-21 18:55:00', 1, 1),
(606, 2, '2013-04-21 18:55:00', 1, 1),
(607, 2, '2013-04-21 18:55:00', 1, 1),
(608, 1, '2013-04-21 18:56:00', 1, 1),
(609, 3, '2013-04-21 18:56:00', 1, 1),
(610, 3, '2013-04-21 19:00:00', 1, 1),
(611, 1, '2013-04-21 19:01:00', 1, 1),
(612, 1, '2013-04-21 19:02:00', 1, 1),
(613, 2, '2013-04-21 19:02:00', 1, 1),
(614, 1, '2013-04-21 19:02:00', 1, 1),
(615, 3, '2013-04-21 19:02:00', 1, 1),
(616, 1, '2013-04-21 19:02:00', 1, 1),
(617, 1, '2013-04-21 19:03:00', 1, 1),
(618, 1, '2013-04-21 19:03:00', 1, 1),
(619, 3, '2013-04-21 19:03:00', 1, 1),
(620, 3, '2013-04-21 19:03:00', 1, 1),
(621, 2, '2013-04-21 19:09:00', 1, 1),
(622, 3, '2013-04-21 19:09:00', 1, 1),
(623, 2, '2013-04-21 19:09:00', 1, 1),
(624, 2, '2013-04-21 19:09:00', 1, 1),
(625, 2, '2013-04-21 19:09:00', 1, 1),
(626, 1, '2013-04-21 19:10:00', 1, 1),
(627, 3, '2013-04-21 19:13:00', 1, 1),
(628, 2, '2013-04-21 19:14:00', 1, 1),
(629, 2, '2013-04-21 19:14:00', 1, 1),
(630, 2, '2013-04-21 19:14:00', 1, 1),
(631, 3, '2013-04-21 19:14:00', 1, 1),
(632, 2, '2013-04-21 19:22:00', 1, 1),
(633, 3, '2013-04-21 19:22:00', 1, 1),
(634, 3, '2013-04-21 19:23:00', 1, 1),
(635, 2, '2013-04-21 19:23:00', 1, 1),
(636, 2, '2013-04-21 19:24:00', 1, 1),
(637, 1, '2013-04-21 19:24:00', 1, 1),
(638, 2, '2013-04-21 19:24:00', 1, 1),
(639, 3, '2013-04-21 19:27:00', 1, 1),
(640, 2, '2013-04-21 19:27:00', 1, 1),
(641, 3, '2013-04-21 20:46:00', 1, 1),
(642, 2, '2013-04-21 20:46:00', 1, 1),
(643, 1, '2013-04-21 20:46:00', 1, 1),
(644, 2, '2013-04-21 20:46:00', 1, 1),
(645, 2, '2013-04-21 20:48:00', 1, 1),
(646, 2, '2013-04-21 20:48:00', 1, 1),
(647, 2, '2013-04-21 20:48:00', 1, 1),
(648, 2, '2013-04-21 20:48:00', 1, 1),
(649, 3, '2013-04-21 20:48:00', 1, 1),
(650, 2, '2013-04-21 20:48:00', 1, 1),
(651, 2, '2013-04-21 20:48:00', 1, 1),
(652, 2, '2013-04-21 20:48:00', 1, 1),
(653, 3, '2013-04-21 20:48:00', 1, 1),
(654, 2, '2013-04-21 20:49:00', 1, 1),
(655, 2, '2013-04-21 20:51:00', 1, 1),
(656, 2, '2013-04-21 20:51:00', 1, 1),
(657, 2, '2013-04-21 20:51:00', 1, 1),
(658, 2, '2013-04-21 20:51:00', 1, 1),
(659, 2, '2013-04-21 20:51:00', 1, 1),
(660, 3, '2013-04-21 20:51:00', 1, 1),
(661, 3, '2013-04-21 21:03:00', 1, 1),
(662, 2, '2013-04-21 21:03:00', 1, 1),
(663, 3, '2013-04-21 21:03:00', 1, 1),
(664, 2, '2013-04-21 21:03:00', 1, 1),
(665, 2, '2013-04-21 21:03:00', 1, 1),
(666, 3, '2013-04-21 21:03:00', 1, 1),
(667, 3, '2013-04-21 21:03:00', 1, 1),
(668, 3, '2013-04-21 21:05:00', 1, 1),
(669, 3, '2013-04-21 21:06:00', 1, 1),
(670, 3, '2013-04-21 21:06:00', 1, 1),
(671, 2, '2013-04-21 21:06:00', 1, 1),
(672, 2, '2013-04-21 21:18:00', 1, 1),
(673, 2, '2013-04-21 21:18:00', 1, 1),
(674, 3, '2013-04-21 21:18:00', 1, 1),
(675, 2, '2013-04-21 21:18:00', 1, 1),
(676, 3, '2013-04-21 21:18:00', 1, 1),
(677, 2, '2013-04-21 21:18:00', 1, 1),
(678, 3, '2013-04-21 21:18:00', 1, 1),
(679, 2, '2013-04-21 21:18:00', 1, 1),
(680, 2, '2013-04-21 21:49:00', 1, 1),
(681, 1, '2013-04-21 21:49:00', 1, 1),
(682, 2, '2013-04-21 21:49:00', 1, 1),
(683, 3, '2013-04-21 21:49:00', 1, 1),
(684, 1, '2013-04-21 21:49:00', 1, 1),
(685, 2, '2013-04-21 22:06:00', 1, 1),
(686, 2, '2013-04-21 22:14:00', 1, 1),
(687, 1, '2013-04-21 22:14:00', 1, 1),
(688, 2, '2013-04-21 22:16:00', 1, 1),
(689, 1, '2013-04-21 22:16:00', 1, 1),
(690, 3, '2013-04-21 22:20:00', 1, 1),
(691, 3, '2013-04-21 22:20:00', 1, 1),
(692, 2, '2013-04-21 22:20:00', 1, 1),
(693, 2, '2013-04-21 22:20:00', 1, 1),
(694, 1, '2013-04-21 22:21:00', 1, 1),
(695, 2, '2013-04-21 22:23:00', 1, 1),
(696, 2, '2013-04-21 22:23:00', 1, 1),
(697, 3, '2013-04-21 22:24:00', 1, 1),
(698, 3, '2013-04-21 22:24:00', 1, 1),
(699, 2, '2013-04-21 22:28:00', 1, 1),
(700, 2, '2013-04-21 22:31:00', 1, 1),
(701, 2, '2013-04-21 22:31:00', 1, 1),
(702, 1, '2013-04-21 22:32:00', 1, 1),
(703, 1, '2013-04-21 22:33:00', 1, 1),
(704, 3, '2013-04-21 22:33:00', 1, 1),
(705, 2, '2013-04-21 22:34:00', 1, 1),
(706, 2, '2013-04-21 22:34:00', 1, 1),
(707, 3, '2013-04-21 22:38:00', 1, 1),
(708, 3, '2013-04-21 22:38:00', 1, 1),
(709, 3, '2013-04-21 22:38:00', 1, 1),
(710, 2, '2013-04-21 22:40:00', 1, 1),
(711, 2, '2013-04-21 22:40:00', 1, 1),
(712, 2, '2013-04-21 22:40:00', 1, 1),
(713, 2, '2013-04-21 22:41:00', 1, 1),
(714, 2, '2013-04-21 22:41:00', 1, 1),
(715, 2, '2013-04-21 22:44:00', 1, 1),
(716, 2, '2013-04-21 22:44:00', 1, 1),
(717, 1, '2013-04-21 22:45:00', 1, 1),
(718, 1, '2013-04-21 22:45:00', 1, 1),
(719, 2, '2013-04-21 22:46:00', 1, 1),
(720, 3, '2013-04-21 22:46:00', 1, 1),
(721, 2, '2013-04-21 22:55:00', 1, 1),
(722, 1, '2013-04-21 22:55:00', 1, 1),
(723, 3, '2013-04-21 22:55:00', 1, 1),
(724, 1, '2013-04-21 22:55:00', 1, 1),
(725, 1, '2013-04-21 22:55:00', 1, 1),
(726, 2, '2013-04-21 23:05:00', 1, 1),
(727, 2, '2013-04-21 23:05:00', 1, 1),
(728, 2, '2013-04-21 23:06:00', 1, 1),
(729, 3, '2013-04-21 23:08:00', 1, 1),
(730, 2, '2013-04-21 23:09:00', 1, 1),
(731, 2, '2013-04-21 23:09:00', 1, 1),
(732, 2, '2013-04-21 23:54:00', 1, 1),
(733, 3, '2013-04-21 23:54:00', 1, 1),
(734, 2, '2013-04-21 23:54:00', 1, 1),
(735, 3, '2013-04-21 23:58:00', 1, 1),
(736, 3, '2013-04-21 23:58:00', 1, 1),
(737, 3, '2013-04-21 23:58:00', 1, 1),
(738, 2, '2013-04-22 00:03:00', 1, 1),
(739, 2, '2013-04-22 00:05:00', 1, 1),
(740, 3, '2013-04-22 00:07:00', 1, 1),
(741, 3, '2013-04-22 00:11:00', 1, 1),
(742, 1, '2013-04-22 00:12:00', 1, 1),
(743, 2, '2013-04-22 00:13:00', 1, 1),
(744, 1, '2013-04-22 00:45:00', 1, 1),
(745, 2, '2013-04-22 00:45:00', 1, 1),
(746, 3, '2013-04-22 00:45:00', 1, 1),
(747, 3, '2013-04-22 00:46:00', 1, 1),
(748, 1, '2013-04-22 01:27:00', 1, 1),
(749, 2, '2013-04-22 01:45:00', 1, 1),
(750, 2, '2013-04-22 01:46:00', 1, 1),
(751, 3, '2013-04-22 01:47:00', 1, 1),
(752, 1, '2013-04-22 01:49:00', 1, 1),
(753, 2, '2013-04-22 01:49:00', 1, 1),
(754, 2, '2013-04-22 01:49:00', 1, 1),
(755, 3, '2013-04-22 01:49:00', 1, 1),
(756, 3, '2013-04-22 01:51:00', 1, 1),
(757, 2, '2013-04-22 02:15:00', 1, 1),
(758, 2, '2013-04-22 02:32:00', 1, 1),
(759, 2, '2013-04-22 02:33:00', 1, 1),
(760, 2, '2013-04-22 02:34:00', 1, 1),
(761, 3, '2013-04-22 02:35:00', 1, 1),
(762, 1, '2013-04-22 02:35:00', 1, 1),
(763, 2, '2013-04-22 11:44:00', 1, 1),
(764, 2, '2013-04-22 11:44:00', 1, 1),
(765, 1, '2013-04-22 11:44:00', 1, 1),
(766, 1, '2013-04-22 11:45:00', 1, 1),
(767, 1, '2013-04-22 11:45:00', 1, 1),
(768, 2, '2013-04-22 11:45:00', 1, 1),
(769, 2, '2013-04-22 11:45:00', 1, 1),
(770, 2, '2013-04-22 11:45:00', 1, 1),
(771, 1, '2013-04-22 11:45:00', 1, 1),
(772, 2, '2013-04-22 11:46:00', 1, 1),
(773, 2, '2013-04-22 11:54:00', 1, 1),
(774, 3, '2013-04-22 11:54:00', 1, 1),
(775, 2, '2013-04-22 11:55:00', 1, 1),
(776, 3, '2013-04-22 11:55:00', 1, 1),
(777, 1, '2013-04-22 11:57:00', 1, 1),
(778, 3, '2013-04-22 11:57:00', 1, 1),
(779, 3, '2013-04-22 11:58:00', 1, 1),
(780, 3, '2013-04-22 12:01:00', 1, 1),
(781, 3, '2013-04-22 12:02:00', 1, 1),
(782, 2, '2013-04-22 12:03:00', 1, 1),
(783, 1, '2013-04-22 12:13:00', 1, 1),
(784, 1, '2013-04-22 12:14:00', 1, 1),
(785, 2, '2013-04-22 12:27:00', 1, 1),
(786, 2, '2013-04-22 12:27:00', 1, 1),
(787, 3, '2013-04-22 12:30:00', 1, 1),
(788, 2, '2013-04-22 12:30:00', 1, 1),
(789, 1, '2013-04-22 12:32:00', 1, 1),
(790, 3, '2013-04-22 12:34:00', 1, 1),
(791, 3, '2013-04-22 12:42:00', 1, 1),
(792, 3, '2013-04-22 12:45:00', 1, 1),
(793, 2, '2013-04-22 12:46:00', 1, 1),
(794, 2, '2013-04-22 12:46:00', 1, 1),
(795, 3, '2013-04-22 12:47:00', 1, 1),
(796, 2, '2013-04-22 12:48:00', 1, 1),
(797, 3, '2013-04-22 12:50:00', 1, 1),
(798, 2, '2013-04-22 12:50:00', 1, 1),
(799, 2, '2013-04-22 12:52:00', 1, 1),
(800, 3, '2013-04-22 13:00:00', 1, 1),
(801, 2, '2013-04-22 13:02:00', 1, 1),
(802, 2, '2013-04-22 13:02:00', 1, 1),
(803, 3, '2013-04-22 13:02:00', 1, 1),
(804, 1, '2013-04-22 13:02:00', 1, 1),
(805, 3, '2013-04-22 13:04:00', 1, 1),
(806, 2, '2013-04-22 13:10:00', 1, 1),
(807, 2, '2013-04-22 13:10:00', 1, 1),
(808, 1, '2013-04-22 13:11:00', 1, 1),
(809, 3, '2013-04-22 13:11:00', 1, 1),
(810, 3, '2013-04-22 13:14:00', 1, 1),
(811, 2, '2013-04-22 13:52:00', 1, 1),
(812, 3, '2013-04-22 13:55:00', 1, 1),
(813, 3, '2013-04-22 13:57:00', 1, 1),
(814, 2, '2013-04-22 13:59:00', 1, 1),
(815, 1, '2013-04-22 14:02:00', 1, 1),
(816, 2, '2013-04-22 14:08:00', 1, 1),
(817, 2, '2013-04-22 14:18:00', 1, 1),
(818, 1, '2013-04-22 14:18:00', 1, 1),
(819, 3, '2013-04-22 14:20:00', 1, 1),
(820, 2, '2013-04-22 14:20:00', 1, 1),
(821, 3, '2013-04-22 14:21:00', 1, 1),
(822, 2, '2013-04-22 14:22:00', 1, 1),
(823, 2, '2013-04-22 14:41:00', 1, 1),
(824, 1, '2013-04-22 14:44:00', 1, 1),
(825, 3, '2013-04-22 15:03:00', 1, 1),
(826, 1, '2013-04-22 15:28:00', 1, 1),
(827, 2, '2013-04-22 15:28:00', 1, 1),
(828, 2, '2013-04-22 15:31:00', 1, 1),
(829, 1, '2013-04-22 15:32:00', 1, 1),
(830, 1, '2013-04-22 15:38:00', 1, 1),
(831, 3, '2013-04-22 15:43:00', 1, 1),
(832, 2, '2013-04-22 15:43:00', 1, 1),
(833, 1, '2013-04-22 15:44:00', 1, 1),
(834, 2, '2013-04-22 15:49:00', 1, 1),
(835, 1, '2013-04-22 15:56:00', 1, 1),
(836, 2, '2013-04-22 15:56:00', 1, 1),
(837, 2, '2013-04-22 15:56:00', 1, 1),
(838, 2, '2013-04-22 15:57:00', 1, 1),
(839, 2, '2013-04-22 15:57:00', 1, 1),
(840, 2, '2013-04-22 15:57:00', 1, 1),
(841, 2, '2013-04-22 15:59:00', 1, 1),
(842, 2, '2013-04-22 15:59:00', 1, 1),
(843, 3, '2013-04-22 16:02:00', 1, 1),
(844, 2, '2013-04-22 16:02:00', 1, 1),
(845, 3, '2013-04-22 16:03:00', 1, 1),
(846, 1, '2013-04-22 16:03:00', 1, 1),
(847, 3, '2013-04-22 16:05:00', 1, 1),
(848, 2, '2013-04-22 16:05:00', 1, 1),
(849, 3, '2013-04-22 16:05:00', 1, 1),
(850, 1, '2013-04-22 17:44:00', 1, 1),
(851, 2, '2013-04-22 17:44:00', 1, 1),
(852, 3, '2013-04-22 17:44:00', 1, 1),
(853, 2, '2013-04-22 17:44:00', 1, 1),
(854, 2, '2013-04-22 17:45:00', 1, 1),
(855, 2, '2013-04-22 17:51:00', 1, 1),
(856, 1, '2013-04-22 17:52:00', 1, 1),
(857, 2, '2013-04-22 17:54:00', 1, 1),
(858, 2, '2013-04-22 17:56:00', 1, 1),
(859, 2, '2013-04-22 18:10:00', 1, 1),
(860, 2, '2013-04-22 18:11:00', 1, 1),
(861, 1, '2013-04-22 18:13:00', 1, 1),
(862, 2, '2013-04-22 18:14:00', 1, 1),
(863, 1, '2013-04-22 18:15:00', 1, 1),
(864, 2, '2013-04-22 18:15:00', 1, 1),
(865, 3, '2013-04-22 18:16:00', 1, 1),
(866, 3, '2013-04-22 18:20:00', 1, 1),
(867, 2, '2013-04-22 18:21:00', 1, 1),
(868, 2, '2013-04-22 18:22:00', 1, 1),
(869, 3, '2013-04-22 18:33:00', 1, 1),
(870, 1, '2013-04-22 18:33:00', 1, 1),
(871, 2, '2013-04-22 18:33:00', 1, 1),
(872, 1, '2013-04-22 18:34:00', 1, 1),
(873, 2, '2013-04-22 18:34:00', 1, 1),
(874, 2, '2013-04-22 18:36:00', 1, 1),
(875, 3, '2013-04-22 18:41:00', 1, 1),
(876, 2, '2013-04-22 18:45:00', 1, 1),
(877, 2, '2013-04-22 18:47:00', 1, 1),
(878, 2, '2013-04-22 18:50:00', 1, 1),
(879, 2, '2013-04-22 18:52:00', 1, 1),
(880, 1, '2013-04-22 18:56:00', 1, 1),
(881, 2, '2013-04-22 18:56:00', 1, 1),
(882, 2, '2013-04-22 19:00:00', 1, 1),
(883, 2, '2013-04-22 19:01:00', 1, 1),
(884, 3, '2013-04-22 19:01:00', 1, 1),
(885, 2, '2013-04-22 19:02:00', 1, 1),
(886, 3, '2013-04-22 19:06:00', 1, 1),
(887, 3, '2013-04-22 19:09:00', 1, 1),
(888, 3, '2013-04-22 19:12:00', 1, 1),
(889, 2, '2013-04-22 19:12:00', 1, 1),
(890, 3, '2013-04-22 19:18:00', 1, 1),
(891, 1, '2013-04-22 19:18:00', 1, 1),
(892, 1, '2013-04-22 19:24:00', 1, 1),
(893, 2, '2013-04-22 19:28:00', 1, 1),
(894, 3, '2013-04-22 19:30:00', 1, 1),
(895, 3, '2013-04-22 19:31:00', 1, 1),
(896, 2, '2013-04-22 19:31:00', 1, 1),
(897, 1, '2013-04-22 19:32:00', 1, 1),
(898, 3, '2013-04-22 19:39:00', 1, 1),
(899, 2, '2013-04-22 19:41:00', 1, 1),
(900, 1, '2013-04-22 19:45:00', 1, 1),
(901, 3, '2013-04-22 19:47:00', 1, 1),
(902, 2, '2013-04-22 19:48:00', 1, 1),
(903, 2, '2013-04-22 19:49:00', 1, 1),
(904, 3, '2013-04-22 19:50:00', 1, 1),
(905, 1, '2013-04-22 19:51:00', 1, 1),
(906, 2, '2013-04-22 19:55:00', 1, 1),
(907, 2, '2013-04-22 19:55:00', 1, 1),
(908, 2, '2013-04-22 20:02:00', 1, 1),
(909, 1, '2013-04-22 20:02:00', 1, 1),
(910, 3, '2013-04-22 20:04:00', 1, 1),
(911, 2, '2013-04-22 20:06:00', 1, 1),
(912, 2, '2013-04-22 20:07:00', 1, 1),
(913, 3, '2013-04-22 20:07:00', 1, 1),
(914, 1, '2013-04-22 20:07:00', 1, 1),
(915, 1, '2013-04-22 20:31:00', 1, 1),
(916, 3, '2013-04-22 20:39:00', 1, 1),
(917, 2, '2013-04-22 23:38:00', 1, 1),
(918, 1, '2013-04-23 00:17:00', 1, 1),
(919, 1, '2013-04-23 00:59:00', 1, 1),
(920, 2, '2013-04-23 12:34:00', 1, 1),
(921, 2, '2013-04-23 12:34:00', 1, 1),
(922, 3, '2013-04-23 12:34:00', 1, 1),
(923, 2, '2013-04-23 12:36:00', 1, 1),
(924, 3, '2013-04-23 12:36:00', 1, 1),
(925, 1, '2013-04-23 12:40:00', 1, 1),
(926, 2, '2013-04-23 12:42:00', 1, 1),
(927, 2, '2013-04-23 12:42:00', 1, 1),
(928, 2, '2013-04-23 12:42:00', 1, 1),
(929, 2, '2013-04-23 12:45:00', 1, 1),
(930, 1, '2013-04-23 12:50:00', 1, 1),
(931, 2, '2013-04-23 12:51:00', 1, 1),
(932, 1, '2013-04-23 12:52:00', 1, 1),
(933, 1, '2013-04-23 13:00:00', 1, 1),
(934, 1, '2013-04-23 13:02:00', 1, 1),
(935, 1, '2013-04-23 13:02:00', 1, 1),
(936, 1, '2013-04-23 13:02:00', 1, 1),
(937, 2, '2013-04-23 13:02:00', 1, 1),
(938, 2, '2013-04-23 13:02:00', 1, 1),
(939, 3, '2013-04-23 13:06:00', 1, 1),
(940, 2, '2013-04-23 13:06:00', 1, 1),
(941, 2, '2013-04-23 13:06:00', 1, 1),
(942, 2, '2013-04-23 13:06:00', 1, 1),
(943, 2, '2013-04-23 13:07:00', 1, 1),
(944, 2, '2013-04-23 13:07:00', 1, 1),
(945, 2, '2013-04-23 13:08:00', 1, 1),
(946, 3, '2013-04-23 13:10:00', 1, 1),
(947, 2, '2013-04-23 14:24:00', 1, 1),
(948, 2, '2013-04-23 14:25:00', 1, 1),
(949, 2, '2013-04-23 14:26:00', 1, 1),
(950, 2, '2013-04-23 14:30:00', 1, 1),
(951, 2, '2013-04-23 14:31:00', 1, 1),
(952, 2, '2013-04-23 14:43:00', 1, 1),
(953, 2, '2013-04-23 14:55:00', 1, 1),
(954, 2, '2013-04-23 14:55:00', 1, 1),
(955, 2, '2013-04-23 14:57:00', 1, 1),
(956, 2, '2013-04-23 15:42:00', 1, 1),
(957, 3, '2013-04-23 15:47:00', 1, 1),
(958, 3, '2013-04-23 15:53:00', 1, 1),
(959, 3, '2013-04-23 15:57:00', 1, 1),
(960, 3, '2013-04-23 16:57:00', 1, 1),
(961, 3, '2013-04-23 16:58:00', 1, 1),
(962, 3, '2013-04-23 16:58:00', 1, 1),
(963, 3, '2013-04-23 16:58:00', 1, 1),
(964, 3, '2013-04-23 16:58:00', 1, 1),
(965, 3, '2013-04-23 16:59:00', 1, 1),
(966, 3, '2013-04-23 16:59:00', 1, 1),
(967, 3, '2013-04-23 17:01:00', 1, 1),
(968, 2, '2013-04-23 17:05:00', 1, 1),
(969, 3, '2013-04-23 17:05:00', 1, 1),
(970, 1, '2013-04-23 17:05:00', 1, 1),
(971, 3, '2013-04-23 17:05:00', 1, 1),
(972, 2, '2013-04-23 17:05:00', 1, 1),
(973, 2, '2013-04-23 17:05:00', 1, 1),
(974, 1, '2013-04-23 17:11:00', 1, 1),
(975, 2, '2013-04-23 17:11:00', 1, 1),
(976, 2, '2013-04-23 17:11:00', 1, 1),
(977, 2, '2013-04-23 17:11:00', 1, 1),
(978, 1, '2013-04-23 17:12:00', 1, 1),
(979, 2, '2013-04-23 17:12:00', 1, 1),
(980, 2, '2013-04-23 17:13:00', 1, 1),
(981, 2, '2013-04-23 17:15:00', 1, 1),
(982, 3, '2013-04-23 17:15:00', 1, 1),
(983, 2, '2013-04-23 17:15:00', 1, 1),
(984, 3, '2013-04-23 17:56:00', 1, 1),
(985, 3, '2013-04-23 17:56:00', 1, 1),
(986, 3, '2013-04-23 17:56:00', 1, 1),
(987, 1, '2013-04-23 18:08:00', 1, 1),
(988, 3, '2013-04-23 18:08:00', 1, 1),
(989, 2, '2013-04-23 18:08:00', 1, 1),
(990, 2, '2013-04-23 18:09:00', 1, 1),
(991, 1, '2013-04-23 18:19:00', 1, 1),
(992, 3, '2013-04-23 19:24:00', 1, 1),
(993, 2, '2013-04-23 19:37:00', 1, 1),
(994, 3, '2013-04-23 19:37:00', 1, 1),
(995, 1, '2013-04-23 20:01:00', 1, 1),
(996, 1, '2013-04-23 20:01:00', 1, 1),
(997, 2, '2013-04-23 20:01:00', 1, 1),
(998, 3, '2013-04-23 20:01:00', 1, 1),
(999, 2, '2013-04-23 20:01:00', 1, 1),
(1000, 3, '2013-04-23 20:01:00', 1, 1),
(1001, 2, '2013-04-23 20:24:00', 1, 1),
(1002, 3, '2013-04-23 20:25:00', 1, 1),
(1003, 2, '2013-04-23 20:25:00', 1, 1),
(1004, 2, '2013-04-23 20:25:00', 1, 1),
(1005, 1, '2013-04-23 20:27:00', 1, 1),
(1006, 2, '2013-04-23 20:28:00', 1, 1),
(1007, 2, '2013-04-23 20:59:00', 1, 1),
(1008, 3, '2013-04-23 21:01:00', 1, 1),
(1009, 3, '2013-04-23 21:05:00', 1, 1),
(1010, 2, '2013-04-23 21:06:00', 1, 1),
(1011, 2, '2013-04-23 21:08:00', 1, 1),
(1012, 1, '2013-04-23 21:10:00', 1, 1),
(1013, 2, '2013-04-23 21:10:00', 1, 1),
(1014, 2, '2013-04-23 21:11:00', 1, 1),
(1015, 3, '2013-04-23 21:11:00', 1, 1),
(1016, 1, '2013-04-23 21:11:00', 1, 1),
(1017, 3, '2013-04-23 21:17:00', 1, 1),
(1018, 2, '2013-04-23 21:17:00', 1, 1),
(1019, 3, '2013-04-23 21:17:00', 1, 1),
(1020, 2, '2013-04-23 21:18:00', 1, 1),
(1021, 2, '2013-04-23 21:18:00', 1, 1),
(1022, 3, '2013-04-23 21:18:00', 1, 1),
(1023, 2, '2013-04-23 21:24:00', 1, 1),
(1024, 2, '2013-04-23 21:24:00', 1, 1),
(1025, 1, '2013-04-23 21:24:00', 1, 1),
(1026, 2, '2013-04-23 21:27:00', 1, 1),
(1027, 1, '2013-04-23 21:30:00', 1, 1),
(1028, 3, '2013-04-23 21:30:00', 1, 1),
(1029, 2, '2013-04-23 21:37:00', 1, 1),
(1030, 1, '2013-04-23 21:41:00', 1, 1),
(1031, 3, '2013-04-23 22:56:00', 1, 1),
(1032, 1, '2013-04-23 22:56:00', 1, 1),
(1033, 2, '2013-04-23 23:01:00', 1, 1),
(1034, 3, '2013-04-23 23:08:00', 1, 1),
(1035, 3, '2013-04-23 23:09:00', 1, 1),
(1036, 2, '2013-04-23 23:09:00', 1, 1),
(1037, 2, '2013-04-23 23:10:00', 1, 1),
(1038, 2, '2013-04-23 23:12:00', 1, 1),
(1039, 2, '2013-04-23 23:17:00', 1, 1),
(1040, 1, '2013-04-23 23:22:00', 1, 1),
(1041, 3, '2013-04-23 23:24:00', 1, 1),
(1042, 2, '2013-04-23 23:33:00', 1, 1),
(1043, 2, '2013-04-23 23:37:00', 1, 1),
(1044, 3, '2013-04-23 23:37:00', 1, 1),
(1045, 2, '2013-04-23 23:46:00', 1, 1),
(1046, 1, '2013-04-23 23:51:00', 1, 1),
(1047, 3, '2013-04-23 23:53:00', 1, 1),
(1048, 1, '2013-04-23 23:54:00', 1, 1),
(1049, 1, '2013-04-24 00:23:00', 1, 1),
(1050, 1, '2013-04-24 00:28:00', 1, 1),
(1051, 3, '2013-04-24 00:32:00', 1, 1),
(1052, 2, '2013-04-24 00:34:00', 1, 1),
(1053, 3, '2013-04-24 00:34:00', 1, 1),
(1054, 2, '2013-04-24 00:35:00', 1, 1),
(1055, 2, '2013-04-24 00:37:00', 1, 1),
(1056, 2, '2013-04-24 00:38:00', 1, 1),
(1057, 3, '2013-04-24 00:41:00', 1, 1),
(1058, 2, '2013-04-24 00:42:00', 1, 1),
(1059, 1, '2013-04-24 00:48:00', 1, 1),
(1060, 2, '2013-04-24 00:50:00', 1, 1),
(1061, 2, '2013-04-24 00:51:00', 1, 1),
(1062, 2, '2013-04-24 00:52:00', 1, 1),
(1063, 2, '2013-04-24 00:55:00', 1, 1),
(1064, 2, '2013-04-24 00:56:00', 1, 1),
(1065, 2, '2013-04-24 00:56:00', 1, 1),
(1066, 3, '2013-04-24 01:04:00', 1, 1),
(1067, 3, '2013-04-24 01:05:00', 1, 1),
(1068, 1, '2013-04-24 01:07:00', 1, 1),
(1069, 2, '2013-04-24 01:07:00', 1, 1),
(1070, 1, '2013-04-24 01:07:00', 1, 1),
(1071, 2, '2013-04-24 01:13:00', 1, 1),
(1072, 2, '2013-04-24 01:15:00', 1, 1),
(1073, 2, '2013-04-24 01:15:00', 1, 1),
(1074, 2, '2013-04-24 01:16:00', 1, 1),
(1075, 2, '2013-04-24 01:18:00', 1, 1),
(1076, 3, '2013-04-24 01:19:00', 1, 1),
(1077, 1, '2013-04-24 01:22:00', 1, 1),
(1078, 2, '2013-04-24 01:25:00', 1, 1),
(1079, 2, '2013-04-24 01:25:00', 1, 1),
(1080, 2, '2013-04-24 01:25:00', 1, 1),
(1081, 2, '2013-04-24 15:25:00', 1, 1),
(1082, 2, '2013-04-24 15:25:00', 1, 1),
(1083, 3, '2013-04-24 15:25:00', 1, 1),
(1084, 1, '2013-04-24 15:26:00', 1, 1),
(1085, 2, '2013-04-24 15:26:00', 1, 1),
(1086, 1, '2013-04-24 15:26:00', 1, 1),
(1087, 3, '2013-04-24 15:32:00', 1, 1),
(1088, 3, '2013-04-24 15:32:00', 1, 1),
(1089, 1, '2013-04-24 18:42:00', 1, 1),
(1090, 2, '2013-04-24 18:45:00', 1, 1),
(1091, 1, '2013-04-24 18:45:00', 1, 1),
(1092, 3, '2013-04-24 18:48:00', 1, 1),
(1093, 2, '2013-04-24 18:49:00', 1, 1),
(1094, 2, '2013-04-24 18:50:00', 1, 1),
(1095, 3, '2013-04-24 18:50:00', 1, 1),
(1096, 3, '2013-04-24 18:51:00', 1, 1),
(1097, 1, '2013-04-24 18:51:00', 1, 1),
(1098, 2, '2013-04-24 18:51:00', 1, 1),
(1099, 2, '2013-04-24 18:51:00', 1, 1),
(1100, 2, '2013-04-24 18:51:00', 1, 1),
(1101, 2, '2013-04-24 18:53:00', 1, 1),
(1102, 1, '2013-04-24 18:53:00', 1, 1),
(1103, 3, '2013-04-24 18:53:00', 1, 1),
(1104, 2, '2013-04-24 18:53:00', 1, 1),
(1105, 3, '2013-04-24 18:54:00', 1, 1),
(1106, 2, '2013-04-24 18:54:00', 1, 1),
(1107, 1, '2013-04-24 19:44:00', 1, 1),
(1108, 1, '2013-04-24 19:47:00', 1, 1),
(1109, 3, '2013-04-24 19:49:00', 1, 1),
(1110, 2, '2013-04-24 19:51:00', 1, 1),
(1111, 1, '2013-04-24 19:51:00', 1, 1),
(1112, 1, '2013-04-24 19:52:00', 1, 1),
(1113, 2, '2013-04-24 19:54:00', 1, 1),
(1114, 1, '2013-04-24 20:13:00', 1, 1),
(1115, 2, '2013-04-24 20:13:00', 1, 1),
(1116, 1, '2013-04-24 20:18:00', 1, 1),
(1117, 3, '2013-04-24 20:18:00', 1, 1),
(1118, 2, '2013-04-24 20:23:00', 1, 1),
(1119, 2, '2013-04-24 20:23:00', 1, 1),
(1120, 2, '2013-04-24 20:26:00', 1, 1),
(1121, 1, '2013-04-24 20:26:00', 1, 1),
(1122, 2, '2013-04-24 20:26:00', 1, 1),
(1123, 2, '2013-04-24 20:28:00', 1, 1),
(1124, 3, '2013-04-24 20:28:00', 1, 1),
(1125, 2, '2013-04-24 20:30:00', 1, 1),
(1126, 2, '2013-04-24 20:30:00', 1, 1),
(1127, 3, '2013-04-24 20:30:00', 1, 1),
(1128, 3, '2013-04-24 20:32:00', 1, 1),
(1129, 1, '2013-04-24 20:32:00', 1, 1),
(1130, 3, '2013-04-24 20:32:00', 1, 1),
(1131, 2, '2013-04-24 20:32:00', 1, 1),
(1132, 2, '2013-04-24 20:38:00', 1, 1),
(1133, 1, '2013-04-24 20:38:00', 1, 1),
(1134, 1, '2013-04-24 20:38:00', 1, 1),
(1135, 2, '2013-04-24 20:39:00', 1, 1),
(1136, 1, '2013-04-24 20:40:00', 1, 1),
(1137, 2, '2013-04-24 20:44:00', 1, 1),
(1138, 2, '2013-04-24 20:44:00', 1, 1),
(1139, 3, '2013-04-24 20:45:00', 1, 1),
(1140, 3, '2013-04-24 20:45:00', 1, 1),
(1141, 2, '2013-04-24 20:45:00', 1, 1),
(1142, 2, '2013-04-24 20:45:00', 1, 1),
(1143, 2, '2013-04-24 20:46:00', 1, 1),
(1144, 3, '2013-04-24 20:46:00', 1, 1),
(1145, 3, '2013-04-24 20:47:00', 1, 1),
(1146, 3, '2013-04-24 20:47:00', 1, 1),
(1147, 2, '2013-04-24 20:47:00', 1, 1),
(1148, 2, '2013-04-24 20:47:00', 1, 1),
(1149, 3, '2013-04-24 20:47:00', 1, 1),
(1150, 2, '2013-04-24 20:47:00', 1, 1),
(1151, 2, '2013-04-24 22:03:00', 1, 1),
(1152, 2, '2013-04-24 22:03:00', 1, 1),
(1153, 2, '2013-04-24 22:09:00', 1, 1),
(1154, 2, '2013-04-24 22:09:00', 1, 1),
(1155, 3, '2013-04-24 22:11:00', 1, 1),
(1156, 3, '2013-04-24 22:11:00', 1, 1),
(1157, 2, '2013-04-24 22:11:00', 1, 1),
(1158, 3, '2013-04-24 22:11:00', 1, 1),
(1159, 2, '2013-04-24 22:12:00', 1, 1),
(1160, 2, '2013-04-24 22:12:00', 1, 1),
(1161, 3, '2013-04-24 22:12:00', 1, 1),
(1162, 2, '2013-04-24 22:12:00', 1, 1),
(1163, 3, '2013-04-24 22:12:00', 1, 1),
(1164, 3, '2013-04-24 22:21:00', 1, 1),
(1165, 3, '2013-04-24 22:21:00', 1, 1),
(1166, 3, '2013-04-24 22:21:00', 1, 1),
(1167, 3, '2013-04-24 22:22:00', 1, 1),
(1168, 1, '2013-04-24 22:23:00', 1, 1),
(1169, 1, '2013-04-24 22:23:00', 1, 1),
(1170, 2, '2013-04-24 22:23:00', 1, 1),
(1171, 1, '2013-04-24 22:40:00', 1, 1),
(1172, 3, '2013-04-24 22:40:00', 1, 1),
(1173, 2, '2013-04-24 22:44:00', 1, 1),
(1174, 1, '2013-04-24 22:44:00', 1, 1),
(1175, 1, '2013-04-24 22:44:00', 1, 1),
(1176, 2, '2013-04-24 22:44:00', 1, 1),
(1177, 3, '2013-04-24 22:44:00', 1, 1),
(1178, 2, '2013-04-24 22:46:00', 1, 1),
(1179, 1, '2013-04-24 22:46:00', 1, 1),
(1180, 1, '2013-04-24 22:46:00', 1, 1),
(1181, 3, '2013-04-24 22:46:00', 1, 1),
(1182, 3, '2013-04-24 22:46:00', 1, 1),
(1183, 1, '2013-04-24 22:47:00', 1, 1),
(1184, 2, '2013-04-24 22:56:00', 1, 1),
(1185, 2, '2013-04-24 23:00:00', 1, 1),
(1186, 2, '2013-04-24 23:01:00', 1, 1),
(1187, 1, '2013-04-24 23:06:00', 1, 1),
(1188, 2, '2013-04-24 23:07:00', 1, 1),
(1189, 2, '2013-04-24 23:12:00', 1, 1),
(1190, 3, '2013-04-24 23:13:00', 1, 1),
(1191, 3, '2013-04-24 23:14:00', 1, 1),
(1192, 2, '2013-04-24 23:24:00', 1, 1),
(1193, 1, '2013-04-24 23:24:00', 1, 1),
(1194, 3, '2013-04-24 23:26:00', 1, 1),
(1195, 3, '2013-04-24 23:27:00', 1, 1),
(1196, 2, '2013-04-24 23:28:00', 1, 1),
(1197, 2, '2013-04-24 23:28:00', 1, 1),
(1198, 2, '2013-04-24 23:29:00', 1, 1),
(1199, 2, '2013-04-24 23:31:00', 1, 1),
(1200, 3, '2013-04-24 23:32:00', 1, 1),
(1201, 1, '2013-04-24 23:38:00', 1, 1),
(1202, 2, '2013-04-24 23:40:00', 1, 1),
(1203, 2, '2013-04-24 23:41:00', 1, 1),
(1204, 2, '2013-04-24 23:50:00', 1, 1),
(1205, 2, '2013-04-24 23:56:00', 1, 1),
(1206, 2, '2013-04-24 23:57:00', 1, 1),
(1207, 3, '2013-04-24 23:59:00', 1, 1),
(1208, 1, '2013-04-25 00:09:00', 1, 1),
(1209, 3, '2013-04-25 00:50:00', 1, 1),
(1210, 2, '2013-04-25 00:50:00', 1, 1),
(1211, 2, '2013-04-25 00:50:00', 1, 1),
(1212, 2, '2013-04-25 00:50:00', 1, 1),
(1213, 3, '2013-04-25 00:50:00', 1, 1),
(1214, 2, '2013-04-25 00:50:00', 1, 1),
(1215, 2, '2013-04-25 01:04:00', 1, 1),
(1216, 3, '2013-04-25 01:08:00', 1, 1),
(1217, 1, '2013-04-25 01:08:00', 1, 1),
(1218, 2, '2013-04-25 01:23:00', 1, 1),
(1219, 2, '2013-04-25 08:21:00', 1, 1),
(1220, 1, '2013-04-25 08:21:00', 1, 1),
(1221, 1, '2013-04-25 08:36:00', 1, 1),
(1222, 3, '2013-04-25 08:36:00', 1, 1),
(1223, 2, '2013-04-25 08:38:00', 1, 1),
(1224, 2, '2013-04-25 08:41:00', 1, 1),
(1225, 1, '2013-04-25 08:43:00', 1, 1),
(1226, 2, '2013-04-25 08:44:00', 1, 1),
(1227, 2, '2013-04-25 08:44:00', 1, 1),
(1228, 2, '2013-04-25 08:45:00', 1, 1),
(1229, 3, '2013-04-25 08:49:00', 1, 1),
(1230, 2, '2013-04-25 08:51:00', 1, 1),
(1231, 2, '2013-04-25 08:53:00', 1, 1),
(1232, 2, '2013-04-25 08:53:00', 1, 1),
(1233, 2, '2013-04-25 09:14:00', 1, 1),
(1234, 2, '2013-04-25 09:14:00', 1, 1),
(1235, 3, '2013-04-25 09:15:00', 1, 1),
(1236, 2, '2013-04-25 10:28:00', 1, 1),
(1237, 3, '2013-04-25 10:28:00', 1, 1),
(1238, 2, '2013-04-25 10:29:00', 1, 1),
(1239, 2, '2013-04-25 10:29:00', 1, 1),
(1240, 2, '2013-04-25 10:31:00', 1, 1),
(1241, 1, '2013-04-25 10:33:00', 1, 1),
(1242, 3, '2013-04-25 10:37:00', 1, 1),
(1243, 2, '2013-04-25 10:48:00', 1, 1),
(1244, 2, '2013-04-25 10:51:00', 1, 1),
(1245, 2, '2013-04-25 10:55:00', 1, 1),
(1246, 3, '2013-04-25 10:55:00', 1, 1),
(1247, 2, '2013-04-25 10:56:00', 1, 1),
(1248, 2, '2013-04-25 10:57:00', 1, 1),
(1249, 2, '2013-04-25 10:58:00', 1, 1),
(1250, 2, '2013-04-25 10:59:00', 1, 1),
(1251, 1, '2013-04-25 11:01:00', 1, 1),
(1252, 2, '2013-04-25 11:01:00', 1, 1),
(1253, 3, '2013-04-25 11:02:00', 1, 1),
(1254, 3, '2013-04-25 11:03:00', 1, 1),
(1255, 1, '2013-04-25 11:04:00', 1, 1),
(1256, 3, '2013-04-25 13:56:00', 1, 1),
(1257, 2, '2013-04-25 14:01:00', 1, 1),
(1258, 2, '2013-04-25 14:10:00', 1, 1),
(1259, 3, '2013-04-25 14:10:00', 1, 1),
(1260, 1, '2013-04-25 15:23:00', 1, 1),
(1261, 3, '2013-04-25 15:25:00', 1, 1),
(1262, 3, '2013-04-25 15:27:00', 1, 1),
(1263, 3, '2013-04-25 15:27:00', 1, 1),
(1264, 3, '2013-04-25 15:28:00', 1, 1),
(1265, 3, '2013-04-25 15:28:00', 1, 1),
(1266, 3, '2013-04-25 15:28:00', 1, 1),
(1267, 3, '2013-04-25 15:34:00', 1, 1),
(1268, 2, '2013-04-25 15:36:00', 1, 1),
(1269, 2, '2013-04-25 15:39:00', 1, 1),
(1270, 1, '2013-04-25 15:41:00', 1, 1),
(1271, 2, '2013-04-25 15:44:00', 1, 1),
(1272, 3, '2013-04-25 15:44:00', 1, 1),
(1273, 1, '2013-04-25 15:53:00', 1, 1),
(1274, 2, '2013-04-25 15:53:00', 1, 1),
(1275, 3, '2013-04-25 15:55:00', 1, 1),
(1276, 3, '2013-04-25 15:57:00', 1, 1),
(1277, 3, '2013-04-25 16:02:00', 1, 1),
(1278, 3, '2013-04-25 16:04:00', 1, 1),
(1279, 2, '2013-04-25 16:05:00', 1, 1),
(1280, 2, '2013-04-25 16:08:00', 1, 1),
(1281, 3, '2013-04-25 16:09:00', 1, 1),
(1282, 2, '2013-04-25 16:09:00', 1, 1),
(1283, 2, '2013-04-25 16:10:00', 1, 1),
(1284, 2, '2013-04-25 16:11:00', 1, 1),
(1285, 1, '2013-04-25 16:14:00', 1, 1),
(1286, 3, '2013-04-25 17:55:00', 1, 1),
(1287, 1, '2013-04-25 17:58:00', 1, 1),
(1288, 3, '2013-04-25 18:02:00', 1, 1),
(1289, 2, '2013-04-25 18:04:00', 1, 1),
(1290, 2, '2013-04-25 18:07:00', 1, 1),
(1291, 2, '2013-04-25 18:07:00', 1, 1),
(1292, 2, '2013-04-25 18:08:00', 1, 1),
(1293, 2, '2013-04-25 18:08:00', 1, 1),
(1294, 3, '2013-04-25 18:13:00', 1, 1),
(1295, 2, '2013-04-25 18:17:00', 1, 1),
(1296, 3, '2013-04-25 18:18:00', 1, 1),
(1297, 2, '2013-04-25 18:18:00', 1, 1),
(1298, 1, '2013-04-25 18:19:00', 1, 1),
(1299, 2, '2013-04-25 18:19:00', 1, 1),
(1300, 2, '2013-04-25 18:19:00', 1, 1),
(1301, 3, '2013-04-25 18:20:00', 1, 1),
(1302, 2, '2013-04-25 18:20:00', 1, 1),
(1303, 2, '2013-04-25 18:20:00', 1, 1),
(1304, 2, '2013-04-25 18:20:00', 1, 1),
(1305, 1, '2013-04-25 18:21:00', 1, 1),
(1306, 3, '2013-04-25 18:58:00', 1, 1),
(1307, 3, '2013-04-25 18:58:00', 1, 1),
(1308, 3, '2013-04-25 18:58:00', 1, 1),
(1309, 2, '2013-04-25 18:59:00', 1, 1),
(1310, 3, '2013-04-25 18:59:00', 1, 1),
(1311, 2, '2013-04-25 19:00:00', 1, 1),
(1312, 3, '2013-04-25 19:01:00', 1, 1),
(1313, 2, '2013-04-25 19:01:00', 1, 1),
(1314, 2, '2013-04-25 19:11:00', 1, 1),
(1315, 1, '2013-04-25 19:11:00', 1, 1),
(1316, 1, '2013-04-25 19:11:00', 1, 1),
(1317, 2, '2013-04-25 19:13:00', 1, 1),
(1318, 1, '2013-04-25 19:13:00', 1, 1),
(1319, 2, '2013-04-25 19:18:00', 1, 1),
(1320, 3, '2013-04-25 19:18:00', 1, 1),
(1321, 3, '2013-04-25 19:20:00', 1, 1),
(1322, 3, '2013-04-25 19:20:00', 1, 1),
(1323, 2, '2013-04-25 19:20:00', 1, 1),
(1324, 1, '2013-04-25 19:21:00', 1, 1),
(1325, 2, '2013-04-25 19:21:00', 1, 1),
(1326, 2, '2013-04-25 19:21:00', 1, 1),
(1327, 3, '2013-04-25 19:21:00', 1, 1),
(1328, 2, '2013-04-25 19:21:00', 1, 1),
(1329, 2, '2013-04-25 19:21:00', 1, 1),
(1330, 2, '2013-04-25 19:21:00', 1, 1),
(1331, 2, '2013-04-25 19:21:00', 1, 1),
(1332, 3, '2013-04-25 19:22:00', 1, 1),
(1333, 2, '2013-04-25 19:22:00', 1, 1),
(1334, 2, '2013-04-25 19:29:00', 1, 1),
(1335, 1, '2013-04-25 19:31:00', 1, 1),
(1336, 1, '2013-04-25 19:33:00', 1, 1),
(1337, 3, '2013-04-25 21:21:00', 1, 1),
(1338, 2, '2013-04-25 21:21:00', 1, 1),
(1339, 1, '2013-04-25 21:21:00', 1, 1),
(1340, 2, '2013-04-25 21:22:00', 1, 1),
(1341, 2, '2013-04-25 21:23:00', 1, 1),
(1342, 2, '2013-04-25 21:23:00', 1, 1);
INSERT INTO `stat_banner` (`id`, `banner_id`, `date`, `city_id`, `pos_id`) VALUES
(1343, 2, '2013-04-25 21:38:00', 1, 1),
(1344, 1, '2013-04-25 21:42:00', 1, 1),
(1345, 3, '2013-04-25 21:47:00', 1, 1),
(1346, 3, '2013-04-25 21:53:00', 1, 1),
(1347, 2, '2013-04-25 21:55:00', 1, 1),
(1348, 1, '2013-04-25 21:55:00', 1, 1),
(1349, 2, '2013-04-25 21:55:00', 1, 1),
(1350, 3, '2013-04-25 21:55:00', 1, 1),
(1351, 2, '2013-04-25 21:56:00', 1, 1),
(1352, 1, '2013-04-25 21:56:00', 1, 1),
(1353, 3, '2013-04-25 22:00:00', 1, 1),
(1354, 2, '2013-04-25 22:04:00', 1, 1),
(1355, 3, '2013-04-25 22:05:00', 1, 1),
(1356, 1, '2013-04-25 22:09:00', 1, 1),
(1357, 2, '2013-04-25 22:19:00', 1, 1),
(1358, 3, '2013-04-25 22:19:00', 1, 1),
(1359, 1, '2013-04-25 22:30:00', 1, 1),
(1360, 3, '2013-04-25 22:31:00', 1, 1),
(1361, 3, '2013-04-25 22:31:00', 1, 1),
(1362, 1, '2013-04-25 22:32:00', 1, 1),
(1363, 2, '2013-04-25 22:33:00', 1, 1),
(1364, 2, '2013-04-25 22:34:00', 1, 1),
(1365, 2, '2013-04-25 22:42:00', 1, 1),
(1366, 1, '2013-04-25 22:42:00', 1, 1),
(1367, 2, '2013-04-25 22:43:00', 1, 1),
(1368, 3, '2013-04-25 22:43:00', 1, 1),
(1369, 1, '2013-04-25 22:44:00', 1, 1),
(1370, 2, '2013-04-26 11:15:00', 1, 1),
(1371, 1, '2013-04-26 11:15:00', 1, 1),
(1372, 3, '2013-04-26 11:15:00', 1, 1),
(1373, 1, '2013-04-26 11:16:00', 1, 1),
(1374, 3, '2013-04-26 11:16:00', 1, 1),
(1375, 2, '2013-04-26 11:16:00', 1, 1),
(1376, 2, '2013-04-26 11:16:00', 1, 1),
(1377, 3, '2013-04-26 11:18:00', 1, 1),
(1378, 3, '2013-04-26 11:18:00', 1, 1),
(1379, 2, '2013-04-26 11:18:00', 1, 1),
(1380, 2, '2013-04-26 11:19:00', 1, 1),
(1381, 3, '2013-04-26 11:20:00', 1, 1),
(1382, 3, '2013-04-26 11:20:00', 1, 1),
(1383, 1, '2013-04-26 11:21:00', 1, 1),
(1384, 1, '2013-04-26 11:21:00', 1, 1),
(1385, 3, '2013-04-26 11:22:00', 1, 1),
(1386, 2, '2013-04-26 11:22:00', 1, 1),
(1387, 2, '2013-04-26 11:22:00', 1, 1),
(1388, 2, '2013-04-26 11:26:00', 1, 1),
(1389, 2, '2013-04-26 11:26:00', 1, 1),
(1390, 2, '2013-04-26 11:28:00', 1, 1),
(1391, 2, '2013-04-26 11:28:00', 1, 1),
(1392, 1, '2013-04-26 11:32:00', 1, 1),
(1393, 3, '2013-04-26 11:32:00', 1, 1),
(1394, 3, '2013-04-26 11:56:00', 1, 1),
(1395, 2, '2013-04-26 11:56:00', 1, 1),
(1396, 2, '2013-04-26 11:56:00', 1, 1),
(1397, 3, '2013-04-26 11:57:00', 1, 1),
(1398, 2, '2013-04-26 12:01:00', 1, 1),
(1399, 2, '2013-04-26 12:01:00', 1, 1),
(1400, 2, '2013-04-26 14:57:00', 1, 1),
(1401, 2, '2013-04-26 14:58:00', 1, 1),
(1402, 1, '2013-04-26 15:01:00', 1, 1),
(1403, 2, '2013-04-26 15:01:00', 1, 1),
(1404, 2, '2013-04-26 15:02:00', 1, 1),
(1405, 3, '2013-04-26 15:02:00', 1, 1),
(1406, 2, '2013-04-26 15:03:00', 1, 1),
(1407, 2, '2013-04-26 15:03:00', 1, 1),
(1408, 3, '2013-04-26 15:04:00', 1, 1),
(1409, 2, '2013-04-26 15:05:00', 1, 1),
(1410, 3, '2013-04-26 15:07:00', 1, 1),
(1411, 3, '2013-04-26 15:07:00', 1, 1),
(1412, 1, '2013-04-26 15:08:00', 1, 1),
(1413, 2, '2013-04-26 15:08:00', 1, 1),
(1414, 3, '2013-04-26 15:15:00', 1, 1),
(1415, 3, '2013-04-26 15:15:00', 1, 1),
(1416, 1, '2013-04-26 15:17:00', 1, 1),
(1417, 1, '2013-04-26 15:17:00', 1, 1),
(1418, 2, '2013-04-26 15:19:00', 1, 1),
(1419, 2, '2013-04-26 15:20:00', 1, 1),
(1420, 2, '2013-04-26 15:39:00', 1, 1),
(1421, 2, '2013-04-26 15:39:00', 1, 1),
(1422, 3, '2013-04-26 15:39:00', 1, 1),
(1423, 1, '2013-04-26 15:41:00', 1, 1),
(1424, 3, '2013-04-26 15:41:00', 1, 1),
(1425, 2, '2013-04-26 15:43:00', 1, 1),
(1426, 3, '2013-04-26 15:43:00', 1, 1),
(1427, 1, '2013-04-26 15:46:00', 1, 1),
(1428, 2, '2013-04-26 15:47:00', 1, 1),
(1429, 2, '2013-04-26 15:47:00', 1, 1),
(1430, 2, '2013-04-26 16:15:00', 1, 1),
(1431, 2, '2013-04-26 16:15:00', 1, 1),
(1432, 2, '2013-04-26 16:16:00', 1, 1),
(1433, 2, '2013-04-26 16:16:00', 1, 1),
(1434, 3, '2013-04-26 16:17:00', 1, 1),
(1435, 3, '2013-04-26 16:19:00', 1, 1),
(1436, 1, '2013-04-26 16:20:00', 1, 1),
(1437, 1, '2013-04-26 16:21:00', 1, 1),
(1438, 1, '2013-04-26 16:22:00', 1, 1),
(1439, 2, '2013-04-26 16:30:00', 1, 1),
(1440, 3, '2013-04-26 16:30:00', 1, 1),
(1441, 1, '2013-04-26 16:31:00', 1, 1),
(1442, 1, '2013-04-26 17:20:00', 1, 1),
(1443, 2, '2013-04-26 17:22:00', 1, 1),
(1444, 2, '2013-04-26 17:22:00', 1, 1),
(1445, 2, '2013-04-26 17:27:00', 1, 1),
(1446, 2, '2013-04-26 17:46:00', 1, 1),
(1447, 2, '2013-04-26 17:47:00', 1, 1),
(1448, 3, '2013-04-26 18:02:00', 1, 1),
(1449, 3, '2013-04-26 18:03:00', 1, 1),
(1450, 3, '2013-04-26 18:08:00', 1, 1),
(1451, 1, '2013-04-26 18:08:00', 1, 1),
(1452, 2, '2013-04-26 18:08:00', 1, 1),
(1453, 3, '2013-04-26 18:11:00', 1, 1),
(1454, 2, '2013-04-26 18:14:00', 1, 1),
(1455, 2, '2013-04-26 18:15:00', 1, 1),
(1456, 2, '2013-04-26 18:25:00', 1, 1),
(1457, 1, '2013-04-26 18:25:00', 1, 1),
(1458, 3, '2013-04-26 18:26:00', 1, 1),
(1459, 3, '2013-04-26 18:27:00', 1, 1),
(1460, 3, '2013-04-26 18:28:00', 1, 1),
(1461, 2, '2013-04-26 18:28:00', 1, 1),
(1462, 2, '2013-04-26 18:29:00', 1, 1),
(1463, 2, '2013-04-26 18:30:00', 1, 1),
(1464, 1, '2013-04-26 18:37:00', 1, 1),
(1465, 2, '2013-04-26 18:38:00', 1, 1),
(1466, 2, '2013-04-26 18:41:00', 1, 1),
(1467, 2, '2013-04-26 18:42:00', 1, 1),
(1468, 1, '2013-04-26 18:46:00', 1, 1),
(1469, 2, '2013-04-26 18:46:00', 1, 1),
(1470, 3, '2013-04-26 18:49:00', 1, 1),
(1471, 2, '2013-04-26 18:49:00', 1, 1),
(1472, 3, '2013-04-26 19:12:00', 1, 1),
(1473, 3, '2013-04-26 19:12:00', 1, 1),
(1474, 3, '2013-04-26 19:17:00', 1, 1),
(1475, 2, '2013-04-26 19:18:00', 1, 1),
(1476, 2, '2013-04-26 19:59:00', 1, 1),
(1477, 1, '2013-04-26 19:59:00', 1, 1),
(1478, 3, '2013-04-26 20:03:00', 1, 1),
(1479, 3, '2013-04-26 20:03:00', 1, 1),
(1480, 2, '2013-04-26 20:04:00', 1, 1),
(1481, 1, '2013-04-26 20:04:00', 1, 1),
(1482, 2, '2013-04-26 20:07:00', 1, 1),
(1483, 2, '2013-04-26 20:07:00', 1, 1),
(1484, 3, '2013-04-26 20:09:00', 1, 1),
(1485, 3, '2013-04-26 20:10:00', 1, 1),
(1486, 2, '2013-04-26 20:10:00', 1, 1),
(1487, 2, '2013-04-26 20:17:00', 1, 1),
(1488, 2, '2013-04-26 20:17:00', 1, 1),
(1489, 1, '2013-04-26 20:18:00', 1, 1),
(1490, 2, '2013-04-26 20:21:00', 1, 1),
(1491, 1, '2013-04-26 20:23:00', 1, 1),
(1492, 2, '2013-04-26 20:24:00', 1, 1),
(1493, 2, '2013-04-26 20:27:00', 1, 1),
(1494, 3, '2013-04-26 20:30:00', 1, 1),
(1495, 2, '2013-04-26 20:34:00', 1, 1),
(1496, 2, '2013-04-26 20:38:00', 1, 1),
(1497, 3, '2013-04-26 20:39:00', 1, 1),
(1498, 1, '2013-04-26 20:44:00', 1, 1),
(1499, 3, '2013-04-26 20:44:00', 1, 1),
(1500, 3, '2013-04-26 20:55:00', 1, 1),
(1501, 2, '2013-04-26 20:56:00', 1, 1),
(1502, 3, '2013-04-26 21:00:00', 1, 1),
(1503, 1, '2013-04-26 21:00:00', 1, 1),
(1504, 3, '2013-04-26 21:02:00', 1, 1),
(1505, 2, '2013-04-26 21:04:00', 1, 1),
(1506, 1, '2013-04-26 21:06:00', 1, 1),
(1507, 2, '2013-04-26 21:08:00', 1, 1),
(1508, 3, '2013-04-26 21:08:00', 1, 1),
(1509, 2, '2013-04-26 21:09:00', 1, 1),
(1510, 1, '2013-04-27 01:07:00', 1, 1),
(1511, 2, '2013-04-27 01:07:00', 1, 1),
(1512, 3, '2013-04-27 01:08:00', 1, 1),
(1513, 3, '2013-04-27 01:08:00', 1, 1),
(1514, 3, '2013-04-27 01:09:00', 1, 1),
(1515, 2, '2013-04-27 01:09:00', 1, 1),
(1516, 3, '2013-04-27 01:09:00', 1, 1),
(1517, 2, '2013-04-27 01:10:00', 1, 1),
(1518, 2, '2013-04-27 01:10:00', 1, 1),
(1519, 2, '2013-04-27 01:13:00', 1, 1),
(1520, 1, '2013-04-27 01:43:00', 1, 1),
(1521, 2, '2013-04-27 02:09:00', 1, 1),
(1522, 3, '2013-04-27 02:09:00', 1, 1),
(1523, 3, '2013-04-27 02:09:00', 1, 1),
(1524, 2, '2013-04-27 02:15:00', 1, 1),
(1525, 1, '2013-04-27 02:16:00', 1, 1),
(1526, 3, '2013-04-27 02:17:00', 1, 1),
(1527, 1, '2013-04-27 02:18:00', 1, 1),
(1528, 2, '2013-04-27 02:22:00', 1, 1),
(1529, 1, '2013-04-27 02:23:00', 1, 1),
(1530, 2, '2013-04-27 02:24:00', 1, 1),
(1531, 2, '2013-04-27 02:30:00', 1, 1),
(1532, 1, '2013-04-27 02:30:00', 1, 1),
(1533, 1, '2013-04-27 02:32:00', 1, 1),
(1534, 2, '2013-04-27 02:41:00', 1, 1),
(1535, 1, '2013-04-27 02:42:00', 1, 1),
(1536, 3, '2013-04-27 02:42:00', 1, 1),
(1537, 3, '2013-04-27 02:45:00', 1, 1),
(1538, 2, '2013-04-27 02:47:00', 1, 1),
(1539, 2, '2013-04-27 02:48:00', 1, 1),
(1540, 1, '2013-04-27 02:48:00', 1, 1),
(1541, 2, '2013-04-27 02:52:00', 1, 1),
(1542, 1, '2013-04-27 02:53:00', 1, 1),
(1543, 1, '2013-04-27 02:56:00', 1, 1),
(1544, 2, '2013-04-27 02:56:00', 1, 1),
(1545, 3, '2013-04-27 02:56:00', 1, 1),
(1546, 1, '2013-04-27 02:59:00', 1, 1),
(1547, 2, '2013-04-27 02:59:00', 1, 1),
(1548, 2, '2013-04-27 11:47:00', 1, 1),
(1549, 2, '2013-04-27 11:47:00', 1, 1),
(1550, 2, '2013-04-27 11:47:00', 1, 1),
(1551, 2, '2013-04-27 12:05:00', 1, 1),
(1552, 3, '2013-04-27 12:09:00', 1, 1),
(1553, 2, '2013-04-27 12:10:00', 1, 1),
(1554, 2, '2013-04-27 12:10:00', 1, 1),
(1555, 2, '2013-04-27 12:10:00', 1, 1),
(1556, 2, '2013-04-27 12:10:00', 1, 1),
(1557, 2, '2013-04-27 12:10:00', 1, 1),
(1558, 3, '2013-04-27 12:13:00', 1, 1),
(1559, 3, '2013-04-27 12:13:00', 1, 1),
(1560, 2, '2013-04-27 12:13:00', 1, 1),
(1561, 2, '2013-04-27 12:13:00', 1, 1),
(1562, 3, '2013-04-27 12:14:00', 1, 1),
(1563, 3, '2013-04-27 12:18:00', 1, 1),
(1564, 2, '2013-04-27 12:18:00', 1, 1),
(1565, 2, '2013-04-27 13:34:00', 1, 1),
(1566, 2, '2013-04-27 13:40:00', 1, 1),
(1567, 2, '2013-04-27 13:45:00', 1, 1),
(1568, 2, '2013-04-27 13:45:00', 1, 1),
(1569, 3, '2013-04-27 13:45:00', 1, 1),
(1570, 3, '2013-04-27 13:45:00', 1, 1),
(1571, 1, '2013-04-27 13:46:00', 1, 1),
(1572, 3, '2013-04-27 14:07:00', 1, 1),
(1573, 1, '2013-04-27 14:07:00', 1, 1),
(1574, 2, '2013-04-27 14:26:00', 1, 1),
(1575, 2, '2013-04-27 14:27:00', 1, 1),
(1576, 1, '2013-04-27 14:27:00', 1, 1),
(1577, 2, '2013-04-27 14:27:00', 1, 1),
(1578, 1, '2013-04-27 14:29:00', 1, 1),
(1579, 3, '2013-04-27 15:01:00', 1, 1),
(1580, 3, '2013-04-27 15:26:00', 1, 1),
(1581, 2, '2013-04-27 15:27:00', 1, 1),
(1582, 1, '2013-04-27 15:27:00', 1, 1),
(1583, 2, '2013-04-27 15:27:00', 1, 1),
(1584, 1, '2013-04-27 15:27:00', 1, 1),
(1585, 1, '2013-04-27 15:30:00', 1, 1),
(1586, 2, '2013-04-27 15:30:00', 1, 1),
(1587, 3, '2013-04-27 15:30:00', 1, 1),
(1588, 3, '2013-04-27 15:31:00', 1, 1),
(1589, 3, '2013-04-27 15:32:00', 1, 1),
(1590, 2, '2013-04-27 15:33:00', 1, 1),
(1591, 2, '2013-04-27 15:34:00', 1, 1),
(1592, 3, '2013-04-27 15:40:00', 1, 1),
(1593, 2, '2013-04-27 15:42:00', 1, 1),
(1594, 1, '2013-04-27 15:44:00', 1, 1),
(1595, 1, '2013-04-27 15:45:00', 1, 1),
(1596, 2, '2013-04-27 15:46:00', 1, 1),
(1597, 2, '2013-04-27 15:46:00', 1, 1),
(1598, 1, '2013-04-27 15:48:00', 1, 1),
(1599, 2, '2013-04-27 16:13:00', 1, 1),
(1600, 2, '2013-04-27 16:16:00', 1, 1),
(1601, 2, '2013-04-27 16:16:00', 1, 1),
(1602, 3, '2013-04-27 16:18:00', 1, 1),
(1603, 3, '2013-04-27 16:19:00', 1, 1),
(1604, 2, '2013-04-27 16:19:00', 1, 1),
(1605, 1, '2013-04-27 16:20:00', 1, 1),
(1606, 2, '2013-04-27 16:21:00', 1, 1),
(1607, 2, '2013-04-27 16:21:00', 1, 1),
(1608, 2, '2013-04-27 16:22:00', 1, 1),
(1609, 1, '2013-04-27 16:23:00', 1, 1),
(1610, 2, '2013-04-27 16:23:00', 1, 1),
(1611, 2, '2013-04-27 16:24:00', 1, 1),
(1612, 2, '2013-04-27 16:25:00', 1, 1),
(1613, 2, '2013-04-27 16:25:00', 1, 1),
(1614, 3, '2013-04-27 16:25:00', 1, 1),
(1615, 2, '2013-04-27 16:25:00', 1, 1),
(1616, 3, '2013-04-27 16:26:00', 1, 1),
(1617, 2, '2013-04-27 16:28:00', 1, 1),
(1618, 1, '2013-04-27 16:44:00', 1, 1),
(1619, 1, '2013-04-27 16:46:00', 1, 1),
(1620, 2, '2013-04-27 17:31:00', 1, 1),
(1621, 1, '2013-04-27 17:34:00', 1, 1),
(1622, 3, '2013-04-27 17:38:00', 1, 1),
(1623, 1, '2013-04-27 17:43:00', 1, 1),
(1624, 1, '2013-04-27 17:45:00', 1, 1),
(1625, 2, '2013-04-27 19:49:00', 1, 1),
(1626, 3, '2013-04-27 19:53:00', 1, 1),
(1627, 2, '2013-04-27 20:08:00', 1, 1),
(1628, 2, '2013-04-27 20:12:00', 1, 1),
(1629, 2, '2013-04-27 20:14:00', 1, 1),
(1630, 1, '2013-04-27 20:29:00', 1, 1),
(1631, 2, '2013-04-27 20:30:00', 1, 1),
(1632, 3, '2013-04-28 13:23:00', 1, 1),
(1633, 2, '2013-04-28 13:23:00', 1, 1),
(1634, 1, '2013-04-28 13:41:00', 1, 1),
(1635, 2, '2013-04-28 13:43:00', 1, 1),
(1636, 1, '2013-04-28 13:47:00', 1, 1),
(1637, 2, '2013-04-28 13:47:00', 1, 1),
(1638, 3, '2013-04-28 13:48:00', 1, 1),
(1639, 2, '2013-04-28 14:13:00', 1, 1),
(1640, 2, '2013-04-28 14:14:00', 1, 1),
(1641, 2, '2013-04-28 14:15:00', 1, 1),
(1642, 3, '2013-04-28 14:16:00', 1, 1),
(1643, 3, '2013-04-28 14:17:00', 1, 1),
(1644, 3, '2013-04-28 14:20:00', 1, 1),
(1645, 2, '2013-04-28 14:23:00', 1, 1),
(1646, 2, '2013-04-28 14:26:00', 1, 1),
(1647, 2, '2013-04-28 14:31:00', 1, 1),
(1648, 2, '2013-04-28 14:32:00', 1, 1),
(1649, 2, '2013-04-28 14:33:00', 1, 1),
(1650, 2, '2013-04-28 14:33:00', 1, 1),
(1651, 2, '2013-04-28 14:34:00', 1, 1),
(1652, 3, '2013-04-28 14:35:00', 1, 1),
(1653, 3, '2013-04-28 14:35:00', 1, 1),
(1654, 2, '2013-04-28 14:36:00', 1, 1),
(1655, 2, '2013-04-28 14:36:00', 1, 1),
(1656, 2, '2013-04-28 14:37:00', 1, 1),
(1657, 2, '2013-04-28 14:37:00', 1, 1),
(1658, 2, '2013-04-28 14:38:00', 1, 1),
(1659, 2, '2013-04-28 14:38:00', 1, 1),
(1660, 3, '2013-04-28 14:41:00', 1, 1),
(1661, 3, '2013-04-28 14:41:00', 1, 1),
(1662, 3, '2013-04-28 14:52:00', 1, 1),
(1663, 3, '2013-04-28 14:52:00', 1, 1),
(1664, 3, '2013-04-28 14:54:00', 1, 1),
(1665, 3, '2013-04-28 14:56:00', 1, 1),
(1666, 3, '2013-04-28 14:57:00', 1, 1),
(1667, 3, '2013-04-28 15:00:00', 1, 1),
(1668, 1, '2013-04-28 15:01:00', 1, 1),
(1669, 2, '2013-04-28 15:01:00', 1, 1),
(1670, 3, '2013-04-28 15:02:00', 1, 1),
(1671, 2, '2013-04-28 15:02:00', 1, 1),
(1672, 1, '2013-04-28 15:03:00', 1, 1),
(1673, 3, '2013-04-28 15:06:00', 1, 1),
(1674, 3, '2013-04-28 15:06:00', 1, 1),
(1675, 2, '2013-04-28 15:26:00', 1, 1),
(1676, 2, '2013-04-28 15:26:00', 1, 1),
(1677, 2, '2013-04-28 15:27:00', 1, 1),
(1678, 3, '2013-04-28 15:27:00', 1, 1),
(1679, 1, '2013-04-28 15:27:00', 1, 1),
(1680, 3, '2013-04-28 15:28:00', 1, 1),
(1681, 1, '2013-04-28 15:28:00', 1, 1),
(1682, 2, '2013-04-28 15:29:00', 1, 1),
(1683, 1, '2013-04-28 15:29:00', 1, 1),
(1684, 2, '2013-04-28 15:30:00', 1, 1),
(1685, 2, '2013-04-28 15:30:00', 1, 1),
(1686, 3, '2013-04-28 15:31:00', 1, 1),
(1687, 1, '2013-04-28 15:31:00', 1, 1),
(1688, 2, '2013-04-28 15:35:00', 1, 1),
(1689, 2, '2013-04-28 15:39:00', 1, 1),
(1690, 2, '2013-04-28 15:39:00', 1, 1),
(1691, 3, '2013-04-28 16:07:00', 1, 1),
(1692, 2, '2013-04-28 16:22:00', 1, 1),
(1693, 3, '2013-04-28 16:22:00', 1, 1),
(1694, 2, '2013-04-28 16:22:00', 1, 1),
(1695, 2, '2013-04-28 20:58:00', 1, 1),
(1696, 1, '2013-04-28 21:00:00', 1, 1),
(1697, 3, '2013-04-28 21:01:00', 1, 1),
(1698, 3, '2013-04-28 21:43:00', 1, 1),
(1699, 2, '2013-04-28 21:44:00', 1, 1),
(1700, 2, '2013-04-28 21:46:00', 1, 1),
(1701, 1, '2013-04-28 21:49:00', 1, 1),
(1702, 3, '2013-04-28 21:51:00', 1, 1),
(1703, 3, '2013-04-28 21:52:00', 1, 1),
(1704, 3, '2013-04-28 21:52:00', 1, 1),
(1705, 1, '2013-04-28 21:53:00', 1, 1),
(1706, 1, '2013-04-28 21:53:00', 1, 1),
(1707, 3, '2013-04-28 21:53:00', 1, 1),
(1708, 1, '2013-04-28 21:54:00', 1, 1),
(1709, 3, '2013-04-28 21:54:00', 1, 1),
(1710, 2, '2013-04-28 21:54:00', 1, 1),
(1711, 3, '2013-04-28 21:55:00', 1, 1),
(1712, 2, '2013-04-28 23:46:00', 1, 1),
(1713, 2, '2013-04-28 23:46:00', 1, 1),
(1714, 3, '2013-04-28 23:46:00', 1, 1),
(1715, 1, '2013-04-28 23:47:00', 1, 1),
(1716, 3, '2013-04-28 23:47:00', 1, 1),
(1717, 2, '2013-04-28 23:48:00', 1, 1),
(1718, 2, '2013-04-30 11:15:00', 1, 1),
(1719, 1, '2013-04-30 11:15:00', 1, 1),
(1720, 2, '2013-04-30 11:15:00', 1, 1),
(1721, 3, '2013-04-30 11:16:00', 1, 1),
(1722, 2, '2013-04-30 11:17:00', 1, 1),
(1723, 2, '2013-04-30 11:17:00', 1, 1),
(1724, 1, '2013-04-30 11:18:00', 1, 1),
(1725, 2, '2013-04-30 12:05:00', 1, 1),
(1726, 1, '2013-04-30 12:06:00', 1, 1),
(1727, 1, '2013-04-30 12:07:00', 1, 1),
(1728, 2, '2013-04-30 12:11:00', 1, 1),
(1729, 2, '2013-04-30 12:11:00', 1, 1),
(1730, 3, '2013-04-30 12:11:00', 1, 1),
(1731, 1, '2013-04-30 12:15:00', 1, 1),
(1732, 1, '2013-04-30 12:16:00', 1, 1),
(1733, 2, '2013-04-30 12:17:00', 1, 1),
(1734, 3, '2013-04-30 12:18:00', 1, 1),
(1735, 2, '2013-04-30 12:31:00', 1, 1),
(1736, 1, '2013-04-30 12:31:00', 1, 1),
(1737, 2, '2013-04-30 12:31:00', 1, 1),
(1738, 2, '2013-04-30 12:33:00', 1, 1),
(1739, 3, '2013-04-30 12:35:00', 1, 1),
(1740, 2, '2013-04-30 12:37:00', 1, 1),
(1741, 2, '2013-04-30 12:39:00', 1, 1),
(1742, 2, '2013-04-30 12:48:00', 1, 1),
(1743, 1, '2013-04-30 12:49:00', 1, 1),
(1744, 2, '2013-04-30 12:49:00', 1, 1),
(1745, 2, '2013-04-30 12:51:00', 1, 1),
(1746, 2, '2013-04-30 12:51:00', 1, 1),
(1747, 2, '2013-04-30 13:00:00', 1, 1),
(1748, 2, '2013-04-30 13:01:00', 1, 1),
(1749, 3, '2013-04-30 13:01:00', 1, 1),
(1750, 2, '2013-04-30 13:01:00', 1, 1),
(1751, 2, '2013-04-30 13:50:00', 1, 1),
(1752, 3, '2013-04-30 13:51:00', 1, 1),
(1753, 2, '2013-04-30 15:39:00', 1, 1),
(1754, 2, '2013-04-30 15:39:00', 1, 1),
(1755, 3, '2013-04-30 15:40:00', 1, 1),
(1756, 3, '2013-04-30 16:03:00', 1, 1),
(1757, 3, '2013-04-30 16:03:00', 1, 1),
(1758, 2, '2013-04-30 16:05:00', 1, 1),
(1759, 2, '2013-04-30 16:05:00', 1, 1),
(1760, 3, '2013-04-30 16:05:00', 1, 1),
(1761, 2, '2013-04-30 16:06:00', 1, 1),
(1762, 3, '2013-04-30 16:07:00', 1, 1),
(1763, 2, '2013-04-30 16:07:00', 1, 1),
(1764, 3, '2013-04-30 16:08:00', 1, 1),
(1765, 2, '2013-04-30 16:08:00', 1, 1),
(1766, 2, '2013-04-30 16:08:00', 1, 1),
(1767, 2, '2013-04-30 16:09:00', 1, 1),
(1768, 1, '2013-04-30 16:09:00', 1, 1),
(1769, 3, '2013-04-30 16:10:00', 1, 1),
(1770, 2, '2013-04-30 16:10:00', 1, 1),
(1771, 1, '2013-04-30 16:10:00', 1, 1),
(1772, 3, '2013-04-30 16:15:00', 1, 1),
(1773, 2, '2013-04-30 16:16:00', 1, 1),
(1774, 3, '2013-04-30 16:17:00', 1, 1),
(1775, 2, '2013-04-30 16:17:00', 1, 1),
(1776, 3, '2013-04-30 16:47:00', 1, 1),
(1777, 3, '2013-04-30 16:48:00', 1, 1),
(1778, 2, '2013-04-30 16:48:00', 1, 1),
(1779, 2, '2013-04-30 16:50:00', 1, 1),
(1780, 3, '2013-04-30 16:53:00', 1, 1),
(1781, 1, '2013-04-30 16:54:00', 1, 1),
(1782, 2, '2013-04-30 16:54:00', 1, 1),
(1783, 1, '2013-04-30 17:46:00', 1, 1),
(1784, 2, '2013-04-30 17:46:00', 1, 1),
(1785, 2, '2013-04-30 17:46:00', 1, 1),
(1786, 2, '2013-04-30 17:47:00', 1, 1),
(1787, 3, '2013-04-30 17:47:00', 1, 1),
(1788, 2, '2013-04-30 17:47:00', 1, 1),
(1789, 2, '2013-04-30 17:47:00', 1, 1),
(1790, 2, '2013-04-30 17:58:00', 1, 1),
(1791, 2, '2013-04-30 18:01:00', 1, 1),
(1792, 2, '2013-04-30 18:02:00', 1, 1),
(1793, 1, '2013-04-30 18:03:00', 1, 1),
(1794, 2, '2013-04-30 18:03:00', 1, 1),
(1795, 2, '2013-04-30 18:03:00', 1, 1),
(1796, 1, '2013-04-30 18:04:00', 1, 1),
(1797, 3, '2013-04-30 18:12:00', 1, 1),
(1798, 3, '2013-04-30 18:13:00', 1, 1),
(1799, 3, '2013-04-30 18:14:00', 1, 1),
(1800, 2, '2013-04-30 18:14:00', 1, 1),
(1801, 2, '2013-04-30 18:15:00', 1, 1),
(1802, 2, '2013-04-30 18:15:00', 1, 1),
(1803, 2, '2013-04-30 18:16:00', 1, 1),
(1804, 1, '2013-04-30 18:16:00', 1, 1),
(1805, 1, '2013-04-30 18:16:00', 1, 1),
(1806, 2, '2013-04-30 18:19:00', 1, 1),
(1807, 2, '2013-04-30 18:19:00', 1, 1),
(1808, 3, '2013-04-30 18:23:00', 1, 1),
(1809, 2, '2013-04-30 18:25:00', 1, 1),
(1810, 1, '2013-04-30 18:25:00', 1, 1),
(1811, 2, '2013-04-30 18:26:00', 1, 1),
(1812, 2, '2013-04-30 18:26:00', 1, 1),
(1813, 3, '2013-04-30 18:26:00', 1, 1),
(1814, 3, '2013-04-30 18:36:00', 1, 1),
(1815, 1, '2013-04-30 18:40:00', 1, 1),
(1816, 1, '2013-04-30 18:41:00', 1, 1),
(1817, 1, '2013-04-30 18:41:00', 1, 1),
(1818, 1, '2013-04-30 18:46:00', 1, 1),
(1819, 2, '2013-04-30 18:46:00', 1, 1),
(1820, 2, '2013-04-30 18:50:00', 1, 1),
(1821, 3, '2013-04-30 18:57:00', 1, 1),
(1822, 2, '2013-04-30 19:01:00', 1, 1),
(1823, 1, '2013-04-30 19:05:00', 1, 1),
(1824, 1, '2013-04-30 19:15:00', 1, 1),
(1825, 3, '2013-04-30 19:19:00', 1, 1),
(1826, 2, '2013-04-30 19:21:00', 1, 1),
(1827, 1, '2013-04-30 19:24:00', 1, 1),
(1828, 3, '2013-04-30 19:31:00', 1, 1),
(1829, 2, '2013-04-30 19:33:00', 1, 1),
(1830, 2, '2013-04-30 19:35:00', 1, 1),
(1831, 1, '2013-04-30 19:50:00', 1, 1),
(1832, 1, '2013-04-30 19:51:00', 1, 1),
(1833, 2, '2013-04-30 19:51:00', 1, 1),
(1834, 2, '2013-04-30 20:24:00', 1, 1),
(1835, 2, '2013-04-30 20:25:00', 1, 1),
(1836, 3, '2013-04-30 20:38:00', 1, 1),
(1837, 2, '2013-04-30 20:39:00', 1, 1),
(1838, 3, '2013-04-30 20:39:00', 1, 1),
(1839, 2, '2013-04-30 20:42:00', 1, 1),
(1840, 2, '2013-04-30 20:44:00', 1, 1),
(1841, 2, '2013-04-30 20:49:00', 1, 1),
(1842, 1, '2013-04-30 20:49:00', 1, 1),
(1843, 3, '2013-04-30 21:24:00', 1, 1),
(1844, 1, '2013-04-30 21:27:00', 1, 1),
(1845, 2, '2013-04-30 21:27:00', 1, 1),
(1846, 2, '2013-04-30 21:43:00', 1, 1),
(1847, 3, '2013-04-30 21:43:00', 1, 1),
(1848, 2, '2013-04-30 21:44:00', 1, 1),
(1849, 2, '2013-04-30 21:44:00', 1, 1),
(1850, 3, '2013-04-30 21:44:00', 1, 1),
(1851, 2, '2013-04-30 21:44:00', 1, 1),
(1852, 3, '2013-04-30 22:30:00', 1, 1),
(1853, 2, '2013-04-30 22:45:00', 1, 1),
(1854, 2, '2013-04-30 22:46:00', 1, 1),
(1855, 3, '2013-04-30 22:47:00', 1, 1),
(1856, 2, '2013-04-30 22:50:00', 1, 1),
(1857, 2, '2013-04-30 22:50:00', 1, 1),
(1858, 3, '2013-04-30 22:56:00', 1, 1),
(1859, 2, '2013-04-30 22:57:00', 1, 1),
(1860, 2, '2013-04-30 22:58:00', 1, 1),
(1861, 2, '2013-04-30 22:58:00', 1, 1),
(1862, 3, '2013-04-30 22:59:00', 1, 1),
(1863, 3, '2013-05-02 19:46:00', 1, 1),
(1864, 3, '2013-05-02 19:46:00', 1, 1),
(1865, 3, '2013-05-02 19:46:00', 1, 1),
(1866, 3, '2013-05-02 19:48:00', 1, 1),
(1867, 3, '2013-05-02 19:50:00', 1, 1),
(1868, 2, '2013-05-02 19:50:00', 1, 1),
(1869, 2, '2013-05-02 19:53:00', 1, 1),
(1870, 1, '2013-05-02 20:06:00', 1, 1),
(1871, 2, '2013-05-02 22:16:00', 1, 1),
(1872, 3, '2013-05-02 22:17:00', 1, 1),
(1873, 1, '2013-05-02 22:32:00', 1, 1),
(1874, 2, '2013-05-02 22:37:00', 1, 1),
(1875, 2, '2013-05-02 22:37:00', 1, 1),
(1876, 2, '2013-05-02 22:44:00', 1, 1),
(1877, 1, '2013-05-02 22:47:00', 1, 1),
(1878, 3, '2013-05-02 22:49:00', 1, 1),
(1879, 1, '2013-05-02 22:51:00', 1, 1),
(1880, 3, '2013-05-02 22:51:00', 1, 1),
(1881, 2, '2013-05-02 22:55:00', 1, 1),
(1882, 2, '2013-05-02 23:19:00', 1, 1),
(1883, 2, '2013-05-02 23:19:00', 1, 1),
(1884, 2, '2013-05-02 23:20:00', 1, 1),
(1885, 2, '2013-05-02 23:20:00', 1, 1),
(1886, 1, '2013-05-02 23:27:00', 1, 1),
(1887, 1, '2013-05-02 23:28:00', 1, 1),
(1888, 1, '2013-05-02 23:28:00', 1, 1),
(1889, 3, '2013-05-02 23:40:00', 1, 1),
(1890, 1, '2013-05-02 23:40:00', 1, 1),
(1891, 2, '2013-05-02 23:43:00', 1, 1),
(1892, 2, '2013-05-02 23:43:00', 1, 1),
(1893, 2, '2013-05-02 23:47:00', 1, 1),
(1894, 2, '2013-05-02 23:48:00', 1, 1),
(1895, 3, '2013-05-02 23:48:00', 1, 1),
(1896, 3, '2013-05-02 23:49:00', 1, 1),
(1897, 2, '2013-05-02 23:50:00', 1, 1),
(1898, 1, '2013-05-02 23:52:00', 1, 1),
(1899, 3, '2013-05-02 23:52:00', 1, 1),
(1900, 1, '2013-05-02 23:54:00', 1, 1),
(1901, 2, '2013-05-02 23:54:00', 1, 1),
(1902, 1, '2013-05-02 23:56:00', 1, 1),
(1903, 2, '2013-05-02 23:57:00', 1, 1),
(1904, 2, '2013-05-02 23:59:00', 1, 1),
(1905, 1, '2013-05-03 00:03:00', 1, 1),
(1906, 2, '2013-05-03 00:05:00', 1, 1),
(1907, 1, '2013-05-03 00:06:00', 1, 1),
(1908, 3, '2013-05-03 00:06:00', 1, 1),
(1909, 1, '2013-05-03 00:08:00', 1, 1),
(1910, 2, '2013-05-03 00:11:00', 1, 1),
(1911, 2, '2013-05-03 00:12:00', 1, 1),
(1912, 2, '2013-05-03 00:13:00', 1, 1),
(1913, 2, '2013-05-03 00:14:00', 1, 1),
(1914, 3, '2013-05-03 00:14:00', 1, 1),
(1915, 2, '2013-05-03 00:15:00', 1, 1),
(1916, 2, '2013-05-03 00:17:00', 1, 1),
(1917, 1, '2013-05-03 00:17:00', 1, 1),
(1918, 3, '2013-05-03 00:21:00', 1, 1),
(1919, 2, '2013-05-03 00:22:00', 1, 1),
(1920, 2, '2013-05-03 00:23:00', 1, 1),
(1921, 2, '2013-05-03 00:23:00', 1, 1),
(1922, 1, '2013-05-03 00:23:00', 1, 1),
(1923, 3, '2013-05-03 00:24:00', 1, 1),
(1924, 1, '2013-05-03 00:24:00', 1, 1),
(1925, 1, '2013-05-03 00:27:00', 1, 1),
(1926, 1, '2013-05-03 00:27:00', 1, 1),
(1927, 2, '2013-05-03 00:32:00', 1, 1),
(1928, 1, '2013-05-03 00:35:00', 1, 1),
(1929, 3, '2013-05-03 00:37:00', 1, 1),
(1930, 3, '2013-05-03 00:54:00', 1, 1),
(1931, 3, '2013-05-03 00:56:00', 1, 1),
(1932, 2, '2013-05-03 00:57:00', 1, 1),
(1933, 2, '2013-05-03 00:59:00', 1, 1),
(1934, 2, '2013-05-03 02:12:00', 1, 1),
(1935, 2, '2013-05-03 02:13:00', 1, 1),
(1936, 2, '2013-05-03 02:15:00', 1, 1),
(1937, 2, '2013-05-03 02:15:00', 1, 1),
(1938, 2, '2013-05-03 02:19:00', 1, 1),
(1939, 2, '2013-05-03 02:20:00', 1, 1),
(1940, 3, '2013-05-03 02:21:00', 1, 1),
(1941, 2, '2013-05-03 03:16:00', 1, 1),
(1942, 2, '2013-05-03 03:16:00', 1, 1),
(1943, 2, '2013-05-03 17:55:00', 1, 1),
(1944, 2, '2013-05-03 17:55:00', 1, 1),
(1945, 2, '2013-05-03 17:55:00', 1, 1),
(1946, 2, '2013-05-03 17:56:00', 1, 1),
(1947, 2, '2013-05-03 17:57:00', 1, 1),
(1948, 3, '2013-05-03 17:57:00', 1, 1),
(1949, 2, '2013-05-03 18:09:00', 1, 1),
(1950, 3, '2013-05-03 18:10:00', 1, 1),
(1951, 2, '2013-05-03 19:06:00', 1, 1),
(1952, 2, '2013-05-03 19:08:00', 1, 1),
(1953, 2, '2013-05-03 19:12:00', 1, 1),
(1954, 2, '2013-05-03 19:14:00', 1, 1),
(1955, 3, '2013-05-03 19:16:00', 1, 1),
(1956, 3, '2013-05-03 19:25:00', 1, 1),
(1957, 3, '2013-05-03 19:31:00', 1, 1),
(1958, 3, '2013-05-03 19:32:00', 1, 1),
(1959, 3, '2013-05-03 19:39:00', 1, 1),
(1960, 3, '2013-05-03 19:40:00', 1, 1),
(1961, 3, '2013-05-03 19:43:00', 1, 1),
(1962, 3, '2013-05-03 19:43:00', 1, 1),
(1963, 3, '2013-05-03 19:44:00', 1, 1),
(1964, 3, '2013-05-03 19:44:00', 1, 1),
(1965, 3, '2013-05-03 19:46:00', 1, 1),
(1966, 3, '2013-05-03 19:47:00', 1, 1),
(1967, 3, '2013-05-03 19:48:00', 1, 1),
(1968, 1, '2013-05-03 19:51:00', 1, 1),
(1969, 3, '2013-05-03 19:52:00', 1, 1),
(1970, 2, '2013-05-03 19:53:00', 1, 1),
(1971, 3, '2013-05-03 19:55:00', 1, 1),
(1972, 2, '2013-05-03 19:55:00', 1, 1),
(1973, 2, '2013-05-03 19:58:00', 1, 1),
(1974, 2, '2013-05-03 20:00:00', 1, 1),
(1975, 3, '2013-05-03 20:02:00', 1, 1),
(1976, 2, '2013-05-03 21:52:00', 1, 1),
(1977, 3, '2013-05-03 21:52:00', 1, 1),
(1978, 3, '2013-05-03 21:52:00', 1, 1),
(1979, 2, '2013-05-03 22:21:00', 1, 1),
(1980, 3, '2013-05-04 14:23:00', 1, 1),
(1981, 2, '2013-05-04 14:23:00', 1, 1),
(1982, 2, '2013-05-04 14:23:00', 1, 1),
(1983, 2, '2013-05-04 14:27:00', 1, 1),
(1984, 3, '2013-05-04 14:28:00', 1, 1),
(1985, 1, '2013-05-04 14:28:00', 1, 1),
(1986, 3, '2013-05-04 14:28:00', 1, 1),
(1987, 2, '2013-05-04 14:28:00', 1, 1),
(1988, 2, '2013-05-04 14:28:00', 1, 1),
(1989, 2, '2013-05-04 14:28:00', 1, 1),
(1990, 1, '2013-05-04 14:28:00', 1, 1),
(1991, 1, '2013-05-04 14:28:00', 1, 1),
(1992, 1, '2013-05-04 14:28:00', 1, 1),
(1993, 3, '2013-05-04 14:28:00', 1, 1),
(1994, 2, '2013-05-04 14:29:00', 1, 1),
(1995, 2, '2013-05-04 14:46:00', 1, 1),
(1996, 2, '2013-05-04 14:46:00', 1, 1),
(1997, 2, '2013-05-04 14:46:00', 1, 1),
(1998, 2, '2013-05-04 14:50:00', 1, 1),
(1999, 1, '2013-05-04 15:27:00', 1, 1),
(2000, 3, '2013-05-04 15:28:00', 1, 1),
(2001, 2, '2013-05-04 15:29:00', 1, 1),
(2002, 2, '2013-05-04 15:29:00', 1, 1),
(2003, 1, '2013-05-04 16:22:00', 1, 1),
(2004, 2, '2013-05-04 17:30:00', 1, 1),
(2005, 3, '2013-05-04 17:33:00', 1, 1),
(2006, 2, '2013-05-04 17:34:00', 1, 1),
(2007, 2, '2013-05-04 17:37:00', 1, 1),
(2008, 3, '2013-05-04 17:39:00', 1, 1),
(2009, 2, '2013-05-04 17:39:00', 1, 1),
(2010, 2, '2013-05-04 17:40:00', 1, 1),
(2011, 1, '2013-05-04 17:47:00', 1, 1),
(2012, 2, '2013-05-04 17:47:00', 1, 1),
(2013, 1, '2013-05-04 17:48:00', 1, 1),
(2014, 2, '2013-05-04 17:49:00', 1, 1),
(2015, 2, '2013-05-04 17:50:00', 1, 1),
(2016, 2, '2013-05-04 17:53:00', 1, 1),
(2017, 2, '2013-05-04 17:53:00', 1, 1),
(2018, 2, '2013-05-04 17:54:00', 1, 1),
(2019, 2, '2013-05-04 17:55:00', 1, 1),
(2020, 1, '2013-05-04 17:56:00', 1, 1),
(2021, 2, '2013-05-04 17:57:00', 1, 1),
(2022, 2, '2013-05-04 17:57:00', 1, 1),
(2023, 3, '2013-05-04 17:58:00', 1, 1),
(2024, 2, '2013-05-04 17:58:00', 1, 1),
(2025, 1, '2013-05-04 17:58:00', 1, 1),
(2026, 1, '2013-05-04 19:33:00', 1, 1),
(2027, 1, '2013-05-04 19:34:00', 1, 1),
(2028, 2, '2013-05-04 19:54:00', 1, 1),
(2029, 2, '2013-05-04 19:55:00', 1, 1),
(2030, 1, '2013-05-04 19:55:00', 1, 1),
(2031, 2, '2013-05-04 20:17:00', 1, 1),
(2032, 1, '2013-05-04 20:17:00', 1, 1),
(2033, 2, '2013-05-04 20:19:00', 1, 1),
(2034, 2, '2013-05-04 20:19:00', 1, 1),
(2035, 2, '2013-05-04 20:26:00', 1, 1),
(2036, 2, '2013-05-04 22:17:00', 1, 1),
(2037, 3, '2013-05-04 22:56:00', 1, 1),
(2038, 2, '2013-05-04 23:11:00', 1, 1),
(2039, 1, '2013-05-04 23:12:00', 1, 1),
(2040, 2, '2013-05-04 23:13:00', 1, 1),
(2041, 3, '2013-05-04 23:13:00', 1, 1),
(2042, 2, '2013-05-04 23:14:00', 1, 1),
(2043, 2, '2013-05-04 23:15:00', 1, 1),
(2044, 3, '2013-05-04 23:15:00', 1, 1),
(2045, 2, '2013-05-04 23:16:00', 1, 1),
(2046, 1, '2013-05-04 23:23:00', 1, 1),
(2047, 2, '2013-05-04 23:26:00', 1, 1),
(2048, 1, '2013-05-04 23:28:00', 1, 1),
(2049, 2, '2013-05-04 23:31:00', 1, 1),
(2050, 3, '2013-05-04 23:34:00', 1, 1),
(2051, 2, '2013-05-04 23:34:00', 1, 1),
(2052, 3, '2013-05-04 23:36:00', 1, 1),
(2053, 2, '2013-05-04 23:37:00', 1, 1),
(2054, 3, '2013-05-04 23:37:00', 1, 1),
(2055, 3, '2013-05-04 23:51:00', 1, 1),
(2056, 3, '2013-05-04 23:57:00', 1, 1),
(2057, 3, '2013-05-04 23:57:00', 1, 1),
(2058, 3, '2013-05-04 23:58:00', 1, 1),
(2059, 1, '2013-05-05 00:07:00', 1, 1),
(2060, 1, '2013-05-05 00:08:00', 1, 1),
(2061, 3, '2013-05-05 00:10:00', 1, 1),
(2062, 3, '2013-05-05 00:12:00', 1, 1),
(2063, 3, '2013-05-05 00:12:00', 1, 1),
(2064, 3, '2013-05-05 00:13:00', 1, 1),
(2065, 3, '2013-05-05 00:22:00', 1, 1),
(2066, 3, '2013-05-05 00:23:00', 1, 1),
(2067, 3, '2013-05-05 00:23:00', 1, 1),
(2068, 3, '2013-05-05 00:23:00', 1, 1),
(2069, 2, '2013-05-05 00:23:00', 1, 1),
(2070, 2, '2013-05-05 00:23:00', 1, 1),
(2071, 2, '2013-05-05 00:25:00', 1, 1),
(2072, 2, '2013-05-05 00:53:00', 1, 1),
(2073, 2, '2013-05-05 00:59:00', 1, 1),
(2074, 2, '2013-05-05 01:00:00', 1, 1),
(2075, 2, '2013-05-05 01:00:00', 1, 1),
(2076, 1, '2013-05-05 01:00:00', 1, 1),
(2077, 2, '2013-05-05 01:00:00', 1, 1),
(2078, 2, '2013-05-05 01:01:00', 1, 1),
(2079, 1, '2013-05-05 01:01:00', 1, 1),
(2080, 3, '2013-05-05 01:02:00', 1, 1),
(2081, 3, '2013-05-05 01:02:00', 1, 1),
(2082, 2, '2013-05-05 01:02:00', 1, 1),
(2083, 2, '2013-05-05 01:02:00', 1, 1),
(2084, 3, '2013-05-05 01:03:00', 1, 1),
(2085, 1, '2013-05-05 01:03:00', 1, 1),
(2086, 1, '2013-05-05 01:04:00', 1, 1),
(2087, 1, '2013-05-05 01:05:00', 1, 1),
(2088, 1, '2013-05-05 01:05:00', 1, 1),
(2089, 3, '2013-05-05 01:07:00', 1, 1),
(2090, 1, '2013-05-05 01:07:00', 1, 1),
(2091, 3, '2013-05-05 01:07:00', 1, 1),
(2092, 3, '2013-05-05 01:08:00', 1, 1),
(2093, 2, '2013-05-05 01:08:00', 1, 1),
(2094, 3, '2013-05-05 01:09:00', 1, 1),
(2095, 1, '2013-05-05 01:10:00', 1, 1),
(2096, 3, '2013-05-05 01:14:00', 1, 1),
(2097, 3, '2013-05-05 01:24:00', 1, 1),
(2098, 1, '2013-05-05 01:26:00', 1, 1),
(2099, 2, '2013-05-05 01:27:00', 1, 1),
(2100, 3, '2013-05-05 01:27:00', 1, 1),
(2101, 3, '2013-05-05 01:28:00', 1, 1),
(2102, 1, '2013-05-05 01:29:00', 1, 1),
(2103, 2, '2013-05-05 01:30:00', 1, 1),
(2104, 3, '2013-05-05 01:30:00', 1, 1),
(2105, 2, '2013-05-05 01:31:00', 1, 1),
(2106, 3, '2013-05-05 01:32:00', 1, 1),
(2107, 1, '2013-05-05 01:33:00', 1, 1),
(2108, 1, '2013-05-05 01:34:00', 1, 1),
(2109, 3, '2013-05-05 01:35:00', 1, 1),
(2110, 1, '2013-05-05 01:36:00', 1, 1),
(2111, 2, '2013-05-05 01:37:00', 1, 1),
(2112, 2, '2013-05-05 01:38:00', 1, 1),
(2113, 2, '2013-05-05 01:38:00', 1, 1),
(2114, 1, '2013-05-05 01:41:00', 1, 1),
(2115, 1, '2013-05-05 01:43:00', 1, 1),
(2116, 3, '2013-05-05 01:45:00', 1, 1),
(2117, 3, '2013-05-05 01:46:00', 1, 1),
(2118, 1, '2013-05-05 01:46:00', 1, 1),
(2119, 3, '2013-05-05 01:46:00', 1, 1),
(2120, 2, '2013-05-05 01:51:00', 1, 1),
(2121, 1, '2013-05-05 01:51:00', 1, 1),
(2122, 1, '2013-05-05 01:51:00', 1, 1),
(2123, 2, '2013-05-05 02:08:00', 1, 1),
(2124, 3, '2013-05-05 02:09:00', 1, 1),
(2125, 2, '2013-05-05 02:12:00', 1, 1),
(2126, 2, '2013-05-05 02:12:00', 1, 1),
(2127, 2, '2013-05-05 02:12:00', 1, 1),
(2128, 1, '2013-05-05 02:13:00', 1, 1),
(2129, 1, '2013-05-05 02:13:00', 1, 1),
(2130, 2, '2013-05-05 02:15:00', 1, 1),
(2131, 2, '2013-05-05 02:15:00', 1, 1),
(2132, 3, '2013-05-05 02:16:00', 1, 1),
(2133, 2, '2013-05-05 02:16:00', 1, 1),
(2134, 3, '2013-05-05 02:17:00', 1, 1),
(2135, 3, '2013-05-05 02:17:00', 1, 1),
(2136, 2, '2013-05-05 02:17:00', 1, 1),
(2137, 3, '2013-05-05 02:20:00', 1, 1),
(2138, 2, '2013-05-05 02:20:00', 1, 1),
(2139, 2, '2013-05-05 02:20:00', 1, 1),
(2140, 3, '2013-05-05 02:23:00', 1, 1),
(2141, 2, '2013-05-05 02:23:00', 1, 1),
(2142, 2, '2013-05-05 02:23:00', 1, 1),
(2143, 2, '2013-05-05 13:49:00', 1, 1),
(2144, 3, '2013-05-05 13:49:00', 1, 1),
(2145, 2, '2013-05-05 13:49:00', 1, 1),
(2146, 2, '2013-05-05 13:49:00', 1, 1),
(2147, 2, '2013-05-05 13:50:00', 1, 1),
(2148, 2, '2013-05-05 13:50:00', 1, 1),
(2149, 3, '2013-05-05 13:50:00', 1, 1),
(2150, 2, '2013-05-05 13:58:00', 1, 1),
(2151, 2, '2013-05-05 13:58:00', 1, 1),
(2152, 3, '2013-05-05 13:58:00', 1, 1),
(2153, 3, '2013-05-05 13:59:00', 1, 1),
(2154, 2, '2013-05-05 14:40:00', 1, 1),
(2155, 3, '2013-05-05 14:55:00', 1, 1),
(2156, 3, '2013-05-05 14:57:00', 1, 1),
(2157, 2, '2013-05-05 14:58:00', 1, 1),
(2158, 2, '2013-05-05 14:59:00', 1, 1),
(2159, 2, '2013-05-05 15:03:00', 1, 1),
(2160, 2, '2013-05-05 15:06:00', 1, 1),
(2161, 2, '2013-05-05 15:09:00', 1, 1),
(2162, 2, '2013-05-05 15:09:00', 1, 1),
(2163, 2, '2013-05-05 15:11:00', 1, 1),
(2164, 2, '2013-05-05 15:32:00', 1, 1),
(2165, 2, '2013-05-05 15:33:00', 1, 1),
(2166, 2, '2013-05-05 15:34:00', 1, 1),
(2167, 2, '2013-05-05 15:36:00', 1, 1),
(2168, 2, '2013-05-05 15:36:00', 1, 1),
(2169, 3, '2013-05-05 15:36:00', 1, 1),
(2170, 1, '2013-05-05 15:36:00', 1, 1),
(2171, 2, '2013-05-05 15:36:00', 1, 1),
(2172, 3, '2013-05-05 15:39:00', 1, 1),
(2173, 2, '2013-05-05 15:55:00', 1, 1),
(2174, 3, '2013-05-05 15:56:00', 1, 1),
(2175, 3, '2013-05-05 15:56:00', 1, 1),
(2176, 3, '2013-05-05 15:56:00', 1, 1),
(2177, 1, '2013-05-05 15:57:00', 1, 1),
(2178, 1, '2013-05-05 15:57:00', 1, 1),
(2179, 2, '2013-05-05 15:58:00', 1, 1),
(2180, 2, '2013-05-05 16:14:00', 1, 1),
(2181, 1, '2013-05-05 16:22:00', 1, 1),
(2182, 2, '2013-05-05 16:24:00', 1, 1),
(2183, 2, '2013-05-05 17:01:00', 1, 1),
(2184, 2, '2013-05-05 17:01:00', 1, 1),
(2185, 2, '2013-05-05 17:10:00', 1, 1),
(2186, 2, '2013-05-05 17:11:00', 1, 1),
(2187, 2, '2013-05-05 17:14:00', 1, 1),
(2188, 2, '2013-05-05 17:16:00', 1, 1),
(2189, 2, '2013-05-05 17:16:00', 1, 1),
(2190, 2, '2013-05-05 17:17:00', 1, 1),
(2191, 3, '2013-05-05 17:17:00', 1, 1),
(2192, 2, '2013-05-05 18:10:00', 1, 1),
(2193, 1, '2013-05-05 18:13:00', 1, 1),
(2194, 2, '2013-05-05 18:15:00', 1, 1),
(2195, 1, '2013-05-05 18:15:00', 1, 1),
(2196, 2, '2013-05-05 18:17:00', 1, 1),
(2197, 2, '2013-05-05 18:36:00', 1, 1),
(2198, 3, '2013-05-05 18:40:00', 1, 1),
(2199, 3, '2013-05-05 18:41:00', 1, 1),
(2200, 3, '2013-05-05 18:48:00', 1, 1),
(2201, 1, '2013-05-05 18:50:00', 1, 1),
(2202, 2, '2013-05-05 18:50:00', 1, 1),
(2203, 2, '2013-05-06 09:45:00', 1, 1),
(2204, 3, '2013-05-06 09:47:00', 1, 1),
(2205, 2, '2013-05-06 10:08:00', 1, 1),
(2206, 3, '2013-05-06 10:10:00', 1, 1),
(2207, 1, '2013-05-06 10:11:00', 1, 1),
(2208, 3, '2013-05-06 10:13:00', 1, 1),
(2209, 2, '2013-05-06 10:17:00', 1, 1),
(2210, 2, '2013-05-06 10:20:00', 1, 1),
(2211, 1, '2013-05-06 10:21:00', 1, 1),
(2212, 2, '2013-05-06 11:08:00', 1, 1),
(2213, 1, '2013-05-06 11:10:00', 1, 1),
(2214, 2, '2013-05-06 11:44:00', 1, 1),
(2215, 1, '2013-05-06 11:53:00', 1, 1),
(2216, 3, '2013-05-06 13:19:00', 1, 1),
(2217, 3, '2013-05-06 13:30:00', 1, 1),
(2218, 2, '2013-05-06 13:31:00', 1, 1),
(2219, 2, '2013-05-06 13:35:00', 1, 1),
(2220, 2, '2013-05-06 13:35:00', 1, 1),
(2221, 2, '2013-05-06 13:37:00', 1, 1),
(2222, 2, '2013-05-06 13:37:00', 1, 1),
(2223, 1, '2013-05-06 13:38:00', 1, 1),
(2224, 3, '2013-05-06 13:38:00', 1, 1),
(2225, 2, '2013-05-06 14:19:00', 1, 1),
(2226, 3, '2013-05-06 14:21:00', 1, 1),
(2227, 2, '2013-05-06 14:22:00', 1, 1),
(2228, 2, '2013-05-06 14:22:00', 1, 1),
(2229, 3, '2013-05-06 14:23:00', 1, 1),
(2230, 1, '2013-05-06 14:23:00', 1, 1),
(2231, 2, '2013-05-06 14:23:00', 1, 1),
(2232, 2, '2013-05-06 14:34:00', 1, 1),
(2233, 2, '2013-05-06 14:34:00', 1, 1),
(2234, 3, '2013-05-06 14:34:00', 1, 1),
(2235, 1, '2013-05-06 14:35:00', 1, 1),
(2236, 2, '2013-05-06 17:52:00', 1, 1),
(2237, 1, '2013-05-06 17:52:00', 1, 1),
(2238, 2, '2013-05-06 18:06:00', 1, 1),
(2239, 2, '2013-05-07 01:12:00', 1, 1),
(2240, 3, '2013-05-07 01:15:00', 1, 1),
(2241, 1, '2013-05-07 01:17:00', 1, 1),
(2242, 1, '2013-05-07 01:19:00', 1, 1),
(2243, 3, '2013-05-07 01:20:00', 1, 1),
(2244, 3, '2013-05-07 01:21:00', 1, 1),
(2245, 2, '2013-05-07 01:24:00', 1, 1),
(2246, 1, '2013-05-07 01:24:00', 1, 1),
(2247, 2, '2013-05-07 01:24:00', 1, 1),
(2248, 1, '2013-05-07 01:27:00', 1, 1),
(2249, 1, '2013-05-07 01:30:00', 1, 1),
(2250, 3, '2013-05-07 01:43:00', 1, 1),
(2251, 2, '2013-05-07 01:45:00', 1, 1),
(2252, 3, '2013-05-07 01:45:00', 1, 1),
(2253, 3, '2013-05-07 01:47:00', 1, 1),
(2254, 2, '2013-05-07 01:47:00', 1, 1),
(2255, 3, '2013-05-07 01:50:00', 1, 1),
(2256, 3, '2013-05-07 17:51:00', 1, 1),
(2257, 3, '2013-05-07 17:51:00', 1, 1),
(2258, 2, '2013-05-07 17:51:00', 1, 1),
(2259, 2, '2013-05-07 18:07:00', 1, 1),
(2260, 2, '2013-05-07 18:10:00', 1, 1),
(2261, 2, '2013-05-07 18:12:00', 1, 1),
(2262, 2, '2013-05-07 18:12:00', 1, 1),
(2263, 3, '2013-05-07 18:18:00', 1, 1),
(2264, 3, '2013-05-07 18:20:00', 1, 1),
(2265, 2, '2013-05-07 18:21:00', 1, 1),
(2266, 2, '2013-05-07 18:49:00', 1, 1),
(2267, 3, '2013-05-07 18:51:00', 1, 1),
(2268, 1, '2013-05-08 01:44:00', 1, 1),
(2269, 2, '2013-05-08 01:46:00', 1, 1),
(2270, 2, '2013-05-08 01:47:00', 1, 1),
(2271, 3, '2013-05-08 01:47:00', 1, 1),
(2272, 3, '2013-05-08 01:47:00', 1, 1),
(2273, 2, '2013-05-08 01:47:00', 1, 1),
(2274, 1, '2013-05-08 01:50:00', 1, 1),
(2275, 2, '2013-05-08 01:50:00', 1, 1),
(2276, 3, '2013-05-08 01:50:00', 1, 1),
(2277, 2, '2013-05-08 01:50:00', 1, 1),
(2278, 2, '2013-05-08 01:52:00', 1, 1),
(2279, 3, '2013-05-08 01:52:00', 1, 1),
(2280, 2, '2013-05-08 01:53:00', 1, 1),
(2281, 2, '2013-05-08 01:54:00', 1, 1),
(2282, 2, '2013-05-08 01:54:00', 1, 1),
(2283, 3, '2013-05-08 01:55:00', 1, 1),
(2284, 2, '2013-05-08 01:55:00', 1, 1),
(2285, 2, '2013-05-08 01:55:00', 1, 1),
(2286, 1, '2013-05-08 01:56:00', 1, 1),
(2287, 2, '2013-05-08 01:56:00', 1, 1),
(2288, 2, '2013-05-08 01:57:00', 1, 1),
(2289, 1, '2013-05-08 01:57:00', 1, 1),
(2290, 1, '2013-05-08 14:39:00', 1, 1),
(2291, 1, '2013-05-08 14:39:00', 1, 1),
(2292, 2, '2013-05-08 14:39:00', 1, 1),
(2293, 2, '2013-05-08 15:44:00', 1, 1),
(2294, 2, '2013-05-08 15:44:00', 1, 1),
(2295, 3, '2013-05-08 15:45:00', 1, 1),
(2296, 3, '2013-05-08 17:41:00', 1, 1),
(2297, 2, '2013-05-08 17:42:00', 1, 1),
(2298, 3, '2013-05-08 17:42:00', 1, 1),
(2299, 1, '2013-05-08 17:51:00', 1, 1),
(2300, 2, '2013-05-08 17:53:00', 1, 1),
(2301, 2, '2013-05-08 18:07:00', 1, 1),
(2302, 3, '2013-05-08 18:21:00', 1, 1),
(2303, 3, '2013-05-08 18:38:00', 1, 1),
(2304, 3, '2013-05-08 18:38:00', 1, 1),
(2305, 3, '2013-05-08 18:53:00', 1, 1),
(2306, 2, '2013-05-08 18:54:00', 1, 1),
(2307, 1, '2013-05-08 18:55:00', 1, 1),
(2308, 2, '2013-05-08 19:30:00', 1, 1),
(2309, 1, '2013-05-08 19:30:00', 1, 1),
(2310, 2, '2013-05-08 19:32:00', 1, 1),
(2311, 2, '2013-05-08 19:39:00', 1, 1),
(2312, 2, '2013-05-08 19:42:00', 1, 1),
(2313, 2, '2013-05-08 19:43:00', 1, 1),
(2314, 3, '2013-05-08 19:43:00', 1, 1),
(2315, 1, '2013-05-08 19:43:00', 1, 1),
(2316, 3, '2013-05-08 19:43:00', 1, 1),
(2317, 3, '2013-05-08 19:50:00', 1, 1),
(2318, 3, '2013-05-08 19:54:00', 1, 1),
(2319, 2, '2013-05-08 19:56:00', 1, 1),
(2320, 2, '2013-05-08 19:56:00', 1, 1),
(2321, 2, '2013-05-08 19:56:00', 1, 1),
(2322, 1, '2013-05-08 19:57:00', 1, 1),
(2323, 1, '2013-05-08 19:59:00', 1, 1),
(2324, 2, '2013-05-08 19:59:00', 1, 1),
(2325, 2, '2013-05-08 20:01:00', 1, 1),
(2326, 3, '2013-05-08 20:01:00', 1, 1),
(2327, 3, '2013-05-08 20:01:00', 1, 1),
(2328, 1, '2013-05-08 20:01:00', 1, 1),
(2329, 2, '2013-05-08 21:04:00', 1, 1),
(2330, 2, '2013-05-08 21:12:00', 1, 1),
(2331, 2, '2013-05-08 21:14:00', 1, 1),
(2332, 3, '2013-05-09 15:20:00', 1, 1),
(2333, 2, '2013-05-09 15:20:00', 1, 1),
(2334, 2, '2013-05-09 15:20:00', 1, 1),
(2335, 1, '2013-05-09 15:27:00', 1, 1),
(2336, 1, '2013-05-09 15:28:00', 1, 1),
(2337, 1, '2013-05-09 15:31:00', 1, 1),
(2338, 1, '2013-05-09 15:32:00', 1, 1),
(2339, 2, '2013-05-09 15:32:00', 1, 1),
(2340, 2, '2013-05-09 15:34:00', 1, 1),
(2341, 2, '2013-05-09 15:35:00', 1, 1),
(2342, 3, '2013-05-09 15:38:00', 1, 1),
(2343, 2, '2013-05-09 15:39:00', 1, 1),
(2344, 3, '2013-05-09 15:41:00', 1, 1),
(2345, 3, '2013-05-09 15:42:00', 1, 1),
(2346, 3, '2013-05-09 15:47:00', 1, 1),
(2347, 3, '2013-05-09 15:48:00', 1, 1),
(2348, 1, '2013-05-09 15:49:00', 1, 1),
(2349, 2, '2013-05-09 15:53:00', 1, 1),
(2350, 1, '2013-05-09 15:57:00', 1, 1),
(2351, 2, '2013-05-09 15:58:00', 1, 1),
(2352, 3, '2013-05-09 16:00:00', 1, 1),
(2353, 1, '2013-05-09 16:01:00', 1, 1),
(2354, 2, '2013-05-09 16:01:00', 1, 1),
(2355, 2, '2013-05-09 16:01:00', 1, 1),
(2356, 3, '2013-05-09 16:01:00', 1, 1),
(2357, 2, '2013-05-09 16:01:00', 1, 1),
(2358, 2, '2013-05-09 16:01:00', 1, 1),
(2359, 3, '2013-05-09 16:01:00', 1, 1),
(2360, 2, '2013-05-09 16:02:00', 1, 1),
(2361, 3, '2013-05-09 16:02:00', 1, 1),
(2362, 3, '2013-05-09 16:03:00', 1, 1),
(2363, 3, '2013-05-09 16:03:00', 1, 1),
(2364, 2, '2013-05-09 16:03:00', 1, 1),
(2365, 2, '2013-05-09 16:04:00', 1, 1),
(2366, 2, '2013-05-09 16:04:00', 1, 1),
(2367, 2, '2013-05-09 16:05:00', 1, 1),
(2368, 1, '2013-05-09 16:12:00', 1, 1),
(2369, 3, '2013-05-09 16:13:00', 1, 1),
(2370, 3, '2013-05-09 16:14:00', 1, 1),
(2371, 2, '2013-05-09 16:15:00', 1, 1),
(2372, 3, '2013-05-09 16:25:00', 1, 1),
(2373, 3, '2013-05-09 16:27:00', 1, 1),
(2374, 2, '2013-05-09 16:28:00', 1, 1),
(2375, 1, '2013-05-09 16:29:00', 1, 1),
(2376, 3, '2013-05-09 16:30:00', 1, 1),
(2377, 2, '2013-05-09 16:46:00', 1, 1),
(2378, 2, '2013-05-09 16:47:00', 1, 1),
(2379, 2, '2013-05-09 17:00:00', 1, 1),
(2380, 2, '2013-05-09 17:01:00', 1, 1),
(2381, 2, '2013-05-09 17:04:00', 1, 1),
(2382, 2, '2013-05-09 17:07:00', 1, 1),
(2383, 1, '2013-05-09 17:10:00', 1, 1),
(2384, 2, '2013-05-09 17:11:00', 1, 1),
(2385, 2, '2013-05-09 17:20:00', 1, 1),
(2386, 2, '2013-05-09 17:21:00', 1, 1),
(2387, 3, '2013-05-09 17:22:00', 1, 1),
(2388, 2, '2013-05-09 17:24:00', 1, 1),
(2389, 1, '2013-05-09 17:26:00', 1, 1),
(2390, 2, '2013-05-09 17:29:00', 1, 1),
(2391, 2, '2013-05-09 17:30:00', 1, 1),
(2392, 3, '2013-05-09 17:33:00', 1, 1),
(2393, 3, '2013-05-09 17:34:00', 1, 1),
(2394, 2, '2013-05-09 17:35:00', 1, 1),
(2395, 1, '2013-05-09 17:36:00', 1, 1),
(2396, 2, '2013-05-09 17:36:00', 1, 1),
(2397, 2, '2013-05-09 17:37:00', 1, 1),
(2398, 2, '2013-05-09 20:29:00', 1, 1),
(2399, 1, '2013-05-09 20:35:00', 1, 1),
(2400, 3, '2013-05-09 20:36:00', 1, 1),
(2401, 3, '2013-05-09 20:38:00', 1, 1),
(2402, 2, '2013-05-09 20:38:00', 1, 1),
(2403, 3, '2013-05-09 20:42:00', 1, 1),
(2404, 2, '2013-05-09 20:43:00', 1, 1),
(2405, 2, '2013-05-09 22:14:00', 1, 1),
(2406, 3, '2013-05-09 22:15:00', 1, 1),
(2407, 1, '2013-05-09 22:16:00', 1, 1),
(2408, 1, '2013-05-09 22:39:00', 1, 1),
(2409, 1, '2013-05-09 22:40:00', 1, 1),
(2410, 2, '2013-05-09 22:41:00', 1, 1),
(2411, 2, '2013-05-09 22:41:00', 1, 1),
(2412, 2, '2013-05-09 22:42:00', 1, 1),
(2413, 2, '2013-05-09 22:42:00', 1, 1),
(2414, 2, '2013-05-09 22:43:00', 1, 1),
(2415, 2, '2013-05-09 22:44:00', 1, 1),
(2416, 2, '2013-05-09 22:45:00', 1, 1),
(2417, 1, '2013-05-09 22:48:00', 1, 1),
(2418, 2, '2013-05-09 22:49:00', 1, 1),
(2419, 3, '2013-05-09 22:50:00', 1, 1),
(2420, 2, '2013-05-09 22:51:00', 1, 1),
(2421, 1, '2013-05-09 22:59:00', 1, 1),
(2422, 2, '2013-05-09 23:01:00', 1, 1),
(2423, 2, '2013-05-09 23:01:00', 1, 1),
(2424, 3, '2013-05-09 23:01:00', 1, 1),
(2425, 1, '2013-05-09 23:10:00', 1, 1),
(2426, 2, '2013-05-09 23:11:00', 1, 1),
(2427, 2, '2013-05-09 23:13:00', 1, 1),
(2428, 3, '2013-05-09 23:17:00', 1, 1),
(2429, 2, '2013-05-09 23:18:00', 1, 1),
(2430, 3, '2013-05-09 23:18:00', 1, 1),
(2431, 1, '2013-05-09 23:21:00', 1, 1),
(2432, 3, '2013-05-09 23:21:00', 1, 1),
(2433, 1, '2013-05-09 23:22:00', 1, 1),
(2434, 1, '2013-05-09 23:22:00', 1, 1),
(2435, 3, '2013-05-09 23:27:00', 1, 1),
(2436, 1, '2013-05-09 23:32:00', 1, 1),
(2437, 3, '2013-05-09 23:34:00', 1, 1),
(2438, 1, '2013-05-09 23:36:00', 1, 1),
(2439, 3, '2013-05-09 23:39:00', 1, 1),
(2440, 2, '2013-05-10 20:24:00', 1, 1),
(2441, 2, '2013-05-10 20:24:00', 1, 1),
(2442, 1, '2013-05-10 20:38:00', 1, 1),
(2443, 1, '2013-05-10 20:39:00', 1, 1),
(2444, 2, '2013-05-10 20:39:00', 1, 1),
(2445, 3, '2013-05-10 20:39:00', 1, 1),
(2446, 3, '2013-05-10 21:55:00', 1, 1),
(2447, 3, '2013-05-10 21:56:00', 1, 1),
(2448, 3, '2013-05-10 22:01:00', 1, 1),
(2449, 2, '2013-05-10 22:01:00', 1, 1),
(2450, 2, '2013-05-10 22:05:00', 1, 1),
(2451, 1, '2013-05-10 22:05:00', 1, 1),
(2452, 3, '2013-05-10 22:06:00', 1, 1),
(2453, 2, '2013-05-10 22:07:00', 1, 1),
(2454, 3, '2013-05-10 22:08:00', 1, 1),
(2455, 2, '2013-05-10 22:09:00', 1, 1),
(2456, 3, '2013-05-10 22:57:00', 1, 1),
(2457, 2, '2013-05-10 22:57:00', 1, 1),
(2458, 3, '2013-05-10 22:57:00', 1, 1),
(2459, 2, '2013-05-10 22:57:00', 1, 1),
(2460, 3, '2013-05-10 22:58:00', 1, 1),
(2461, 3, '2013-05-10 22:58:00', 1, 1),
(2462, 2, '2013-05-10 22:59:00', 1, 1),
(2463, 2, '2013-05-10 23:07:00', 1, 1),
(2464, 2, '2013-05-10 23:08:00', 1, 1),
(2465, 2, '2013-05-10 23:11:00', 1, 1),
(2466, 2, '2013-05-10 23:13:00', 1, 1),
(2467, 2, '2013-05-10 23:14:00', 1, 1),
(2468, 1, '2013-05-10 23:15:00', 1, 1),
(2469, 2, '2013-05-10 23:25:00', 1, 1),
(2470, 1, '2013-05-10 23:27:00', 1, 1),
(2471, 3, '2013-05-10 23:34:00', 1, 1),
(2472, 2, '2013-05-10 23:37:00', 1, 1),
(2473, 2, '2013-05-10 23:38:00', 1, 1),
(2474, 2, '2013-05-10 23:39:00', 1, 1),
(2475, 2, '2013-05-10 23:41:00', 1, 1),
(2476, 1, '2013-05-10 23:42:00', 1, 1),
(2477, 2, '2013-05-10 23:43:00', 1, 1),
(2478, 2, '2013-05-10 23:44:00', 1, 1),
(2479, 3, '2013-05-10 23:46:00', 1, 1),
(2480, 2, '2013-05-10 23:46:00', 1, 1),
(2481, 3, '2013-05-10 23:47:00', 1, 1),
(2482, 3, '2013-05-10 23:49:00', 1, 1),
(2483, 1, '2013-05-10 23:50:00', 1, 1),
(2484, 1, '2013-05-10 23:52:00', 1, 1),
(2485, 1, '2013-05-10 23:52:00', 1, 1),
(2486, 2, '2013-05-10 23:53:00', 1, 1),
(2487, 2, '2013-05-10 23:58:00', 1, 1),
(2488, 2, '2013-05-11 00:00:00', 1, 1),
(2489, 2, '2013-05-11 00:01:00', 1, 1),
(2490, 2, '2013-05-11 13:08:00', 1, 1),
(2491, 3, '2013-05-11 13:08:00', 1, 1),
(2492, 3, '2013-05-11 13:08:00', 1, 1),
(2493, 2, '2013-05-11 13:09:00', 1, 1),
(2494, 1, '2013-05-11 13:09:00', 1, 1),
(2495, 3, '2013-05-11 13:10:00', 1, 1),
(2496, 2, '2013-05-11 13:11:00', 1, 1),
(2497, 3, '2013-05-11 13:11:00', 1, 1),
(2498, 2, '2013-05-11 13:57:00', 1, 1),
(2499, 2, '2013-05-11 14:12:00', 1, 1),
(2500, 2, '2013-05-11 14:20:00', 1, 1),
(2501, 3, '2013-05-11 14:22:00', 1, 1),
(2502, 2, '2013-05-11 14:25:00', 1, 1),
(2503, 1, '2013-05-11 14:31:00', 1, 1),
(2504, 3, '2013-05-11 14:31:00', 1, 1),
(2505, 2, '2013-05-11 14:32:00', 1, 1),
(2506, 2, '2013-05-11 15:00:00', 1, 1),
(2507, 1, '2013-05-11 15:11:00', 1, 1),
(2508, 2, '2013-05-11 16:01:00', 1, 1),
(2509, 2, '2013-05-11 16:02:00', 1, 1),
(2510, 1, '2013-05-11 16:03:00', 1, 1),
(2511, 2, '2013-05-11 16:05:00', 1, 1),
(2512, 2, '2013-05-11 16:06:00', 1, 1),
(2513, 1, '2013-05-11 16:06:00', 1, 1),
(2514, 1, '2013-05-11 16:11:00', 1, 1),
(2515, 2, '2013-05-11 16:16:00', 1, 1),
(2516, 1, '2013-05-11 16:17:00', 1, 1),
(2517, 3, '2013-05-11 16:17:00', 1, 1),
(2518, 3, '2013-05-11 16:20:00', 1, 1),
(2519, 3, '2013-05-11 16:20:00', 1, 1),
(2520, 2, '2013-05-11 16:21:00', 1, 1),
(2521, 3, '2013-05-11 16:21:00', 1, 1),
(2522, 2, '2013-05-11 16:25:00', 1, 1),
(2523, 2, '2013-05-11 16:32:00', 1, 1),
(2524, 2, '2013-05-11 16:33:00', 1, 1),
(2525, 1, '2013-05-11 17:17:00', 1, 1),
(2526, 3, '2013-05-11 17:18:00', 1, 1),
(2527, 3, '2013-05-11 17:29:00', 1, 1),
(2528, 3, '2013-05-11 17:34:00', 1, 1),
(2529, 2, '2013-05-11 17:36:00', 1, 1),
(2530, 3, '2013-05-11 17:38:00', 1, 1),
(2531, 1, '2013-05-11 17:39:00', 1, 1),
(2532, 2, '2013-05-11 17:44:00', 1, 1),
(2533, 2, '2013-05-11 17:51:00', 1, 1),
(2534, 2, '2013-05-11 17:51:00', 1, 1),
(2535, 1, '2013-05-11 17:53:00', 1, 1),
(2536, 3, '2013-05-11 17:54:00', 1, 1),
(2537, 2, '2013-05-11 18:01:00', 1, 1),
(2538, 1, '2013-05-11 18:02:00', 1, 1),
(2539, 1, '2013-05-11 18:03:00', 1, 1),
(2540, 2, '2013-05-11 18:05:00', 1, 1),
(2541, 3, '2013-05-11 18:16:00', 1, 1),
(2542, 2, '2013-05-11 18:16:00', 1, 1),
(2543, 1, '2013-05-11 18:20:00', 1, 1),
(2544, 2, '2013-05-11 18:23:00', 1, 1),
(2545, 1, '2013-05-11 18:25:00', 1, 1),
(2546, 3, '2013-05-11 18:26:00', 1, 1),
(2547, 3, '2013-05-11 18:27:00', 1, 1),
(2548, 3, '2013-05-11 18:28:00', 1, 1),
(2549, 3, '2013-05-11 19:03:00', 1, 1),
(2550, 3, '2013-05-11 19:07:00', 1, 1),
(2551, 3, '2013-05-11 19:10:00', 1, 1),
(2552, 2, '2013-05-11 19:10:00', 1, 1),
(2553, 2, '2013-05-11 19:41:00', 1, 1),
(2554, 3, '2013-05-11 20:09:00', 1, 1),
(2555, 2, '2013-05-11 20:11:00', 1, 1),
(2556, 2, '2013-05-11 20:17:00', 1, 1),
(2557, 3, '2013-05-11 20:19:00', 1, 1),
(2558, 3, '2013-05-11 20:20:00', 1, 1),
(2559, 2, '2013-05-11 20:21:00', 1, 1),
(2560, 3, '2013-05-11 20:21:00', 1, 1),
(2561, 2, '2013-05-11 20:21:00', 1, 1),
(2562, 2, '2013-05-11 20:23:00', 1, 1),
(2563, 2, '2013-05-11 20:27:00', 1, 1),
(2564, 2, '2013-05-11 20:28:00', 1, 1),
(2565, 2, '2013-05-11 20:45:00', 1, 1),
(2566, 2, '2013-05-11 20:52:00', 1, 1),
(2567, 2, '2013-05-11 20:54:00', 1, 1),
(2568, 2, '2013-05-11 20:54:00', 1, 1),
(2569, 1, '2013-05-11 20:56:00', 1, 1),
(2570, 2, '2013-05-11 20:58:00', 1, 1),
(2571, 2, '2013-05-11 21:14:00', 1, 1),
(2572, 2, '2013-05-11 21:14:00', 1, 1),
(2573, 2, '2013-05-11 21:17:00', 1, 1),
(2574, 1, '2013-05-11 21:20:00', 1, 1),
(2575, 3, '2013-05-11 21:21:00', 1, 1),
(2576, 2, '2013-05-11 21:26:00', 1, 1),
(2577, 2, '2013-05-11 21:30:00', 1, 1),
(2578, 2, '2013-05-11 21:32:00', 1, 1),
(2579, 1, '2013-05-11 21:34:00', 1, 1),
(2580, 2, '2013-05-12 19:54:00', 1, 1),
(2581, 3, '2013-05-12 19:54:00', 1, 1),
(2582, 3, '2013-05-12 19:55:00', 1, 1),
(2583, 3, '2013-05-12 19:55:00', 1, 1),
(2584, 3, '2013-05-12 19:59:00', 1, 1),
(2585, 2, '2013-05-12 19:59:00', 1, 1),
(2586, 3, '2013-05-12 20:03:00', 1, 1),
(2587, 2, '2013-05-12 20:03:00', 1, 1),
(2588, 1, '2013-05-12 20:04:00', 1, 1),
(2589, 2, '2013-05-12 20:05:00', 1, 1),
(2590, 1, '2013-05-12 20:11:00', 1, 1),
(2591, 1, '2013-05-12 20:11:00', 1, 1),
(2592, 2, '2013-05-12 20:12:00', 1, 1),
(2593, 3, '2013-05-12 21:09:00', 1, 1),
(2594, 1, '2013-05-12 22:46:00', 1, 1),
(2595, 1, '2013-05-12 23:08:00', 1, 1),
(2596, 1, '2013-05-12 23:36:00', 1, 1),
(2597, 3, '2013-05-12 23:39:00', 1, 1),
(2598, 2, '2013-05-12 23:40:00', 1, 1),
(2599, 2, '2013-05-12 23:46:00', 1, 1),
(2600, 3, '2013-05-12 23:46:00', 1, 1),
(2601, 1, '2013-05-12 23:47:00', 1, 1),
(2602, 2, '2013-05-12 23:48:00', 1, 1),
(2603, 3, '2013-05-12 23:49:00', 1, 1),
(2604, 1, '2013-05-12 23:52:00', 1, 1),
(2605, 2, '2013-05-12 23:54:00', 1, 1),
(2606, 3, '2013-05-12 23:56:00', 1, 1),
(2607, 2, '2013-05-12 23:59:00', 1, 1),
(2608, 2, '2013-05-13 00:09:00', 1, 1),
(2609, 2, '2013-05-13 00:13:00', 1, 1),
(2610, 2, '2013-05-13 00:14:00', 1, 1),
(2611, 3, '2013-05-13 21:20:00', 1, 1),
(2612, 3, '2013-05-13 21:20:00', 1, 1),
(2613, 2, '2013-05-13 21:20:00', 1, 1),
(2614, 2, '2013-05-13 21:20:00', 1, 1),
(2615, 2, '2013-05-13 21:20:00', 1, 1),
(2616, 2, '2013-05-13 21:41:00', 1, 1),
(2617, 3, '2013-05-13 21:42:00', 1, 1),
(2618, 2, '2013-05-13 21:43:00', 1, 1),
(2619, 3, '2013-05-13 21:47:00', 1, 1),
(2620, 2, '2013-05-13 21:48:00', 1, 1),
(2621, 3, '2013-05-13 21:49:00', 1, 1),
(2622, 1, '2013-05-13 21:53:00', 1, 1),
(2623, 2, '2013-05-13 21:56:00', 1, 1),
(2624, 2, '2013-05-13 21:58:00', 1, 1),
(2625, 2, '2013-05-13 22:00:00', 1, 1),
(2626, 2, '2013-05-13 22:03:00', 1, 1),
(2627, 2, '2013-05-13 22:10:00', 1, 1),
(2628, 1, '2013-05-13 22:10:00', 1, 1),
(2629, 1, '2013-05-13 22:11:00', 1, 1),
(2630, 2, '2013-05-13 22:14:00', 1, 1),
(2631, 2, '2013-05-13 22:14:00', 1, 1),
(2632, 3, '2013-05-13 22:15:00', 1, 1),
(2633, 3, '2013-05-13 22:22:00', 1, 1),
(2634, 3, '2013-05-13 22:25:00', 1, 1),
(2635, 2, '2013-05-13 22:27:00', 1, 1),
(2636, 2, '2013-05-13 22:29:00', 1, 1),
(2637, 2, '2013-05-13 22:31:00', 1, 1),
(2638, 2, '2013-05-13 23:05:00', 1, 1),
(2639, 3, '2013-05-13 23:08:00', 1, 1),
(2640, 2, '2013-05-13 23:11:00', 1, 1),
(2641, 2, '2013-05-13 23:17:00', 1, 1),
(2642, 2, '2013-05-13 23:31:00', 1, 1),
(2643, 2, '2013-05-13 23:33:00', 1, 1),
(2644, 3, '2013-05-13 23:34:00', 1, 1),
(2645, 2, '2013-05-13 23:36:00', 1, 1),
(2646, 3, '2013-05-13 23:38:00', 1, 1),
(2647, 1, '2013-05-13 23:39:00', 1, 1),
(2648, 2, '2013-05-14 00:23:00', 1, 1),
(2649, 3, '2013-05-14 00:31:00', 1, 1),
(2650, 1, '2013-05-14 00:44:00', 1, 1),
(2651, 2, '2013-05-14 00:46:00', 1, 1),
(2652, 3, '2013-05-14 00:48:00', 1, 1),
(2653, 2, '2013-05-14 00:53:00', 1, 1),
(2654, 2, '2013-05-14 00:54:00', 1, 1),
(2655, 3, '2013-05-14 00:55:00', 1, 1);
INSERT INTO `stat_banner` (`id`, `banner_id`, `date`, `city_id`, `pos_id`) VALUES
(2656, 3, '2013-05-14 00:58:00', 1, 1),
(2657, 2, '2013-05-14 01:03:00', 1, 1),
(2658, 3, '2013-05-14 01:05:00', 1, 1),
(2659, 3, '2013-05-14 01:09:00', 1, 1),
(2660, 2, '2013-05-14 01:10:00', 1, 1),
(2661, 2, '2013-05-14 01:12:00', 1, 1),
(2662, 3, '2013-05-14 01:13:00', 1, 1),
(2663, 1, '2013-05-14 01:15:00', 1, 1),
(2664, 3, '2013-05-14 01:16:00', 1, 1),
(2665, 1, '2013-05-14 14:27:00', 1, 1),
(2666, 1, '2013-05-14 14:27:00', 1, 1),
(2667, 1, '2013-05-14 14:27:00', 1, 1),
(2668, 1, '2013-05-14 15:08:00', 1, 1),
(2669, 2, '2013-05-14 15:12:00', 1, 1),
(2670, 1, '2013-05-14 15:49:00', 1, 1),
(2671, 1, '2013-05-14 15:49:00', 1, 1),
(2672, 1, '2013-05-14 15:51:00', 1, 1),
(2673, 1, '2013-05-14 15:52:00', 1, 1),
(2674, 1, '2013-05-14 15:53:00', 1, 1),
(2675, 2, '2013-05-14 15:55:00', 1, 1),
(2676, 1, '2013-05-14 15:55:00', 1, 1),
(2677, 1, '2013-05-14 15:57:00', 1, 1),
(2678, 2, '2013-05-14 16:17:00', 1, 1),
(2679, 2, '2013-05-14 16:42:00', 1, 1),
(2680, 2, '2013-05-14 16:48:00', 1, 1),
(2681, 2, '2013-05-14 17:05:00', 1, 1),
(2682, 2, '2013-05-14 17:06:00', 1, 1),
(2683, 2, '2013-05-14 17:06:00', 1, 1),
(2684, 3, '2013-05-14 17:08:00', 1, 1),
(2685, 2, '2013-05-14 17:09:00', 1, 1),
(2686, 2, '2013-05-14 17:10:00', 1, 1),
(2687, 1, '2013-05-14 17:14:00', 1, 1),
(2688, 3, '2013-05-14 17:17:00', 1, 1),
(2689, 2, '2013-05-14 17:18:00', 1, 1),
(2690, 2, '2013-05-14 17:22:00', 1, 1),
(2691, 1, '2013-05-14 17:25:00', 1, 1),
(2692, 2, '2013-05-14 17:27:00', 1, 1),
(2693, 2, '2013-05-14 17:31:00', 1, 1),
(2694, 2, '2013-05-14 17:34:00', 1, 1),
(2695, 1, '2013-05-14 17:35:00', 1, 1),
(2696, 1, '2013-05-14 17:35:00', 1, 1),
(2697, 2, '2013-05-14 17:38:00', 1, 1),
(2698, 2, '2013-05-14 17:43:00', 1, 1),
(2699, 1, '2013-05-14 17:55:00', 1, 1),
(2700, 2, '2013-05-14 17:57:00', 1, 1),
(2701, 2, '2013-05-14 17:58:00', 1, 1),
(2702, 3, '2013-05-14 17:59:00', 1, 1),
(2703, 2, '2013-05-14 18:21:00', 1, 1),
(2704, 2, '2013-05-14 18:22:00', 1, 1),
(2705, 2, '2013-05-14 18:23:00', 1, 1),
(2706, 2, '2013-05-14 18:23:00', 1, 1),
(2707, 3, '2013-05-14 18:26:00', 1, 1),
(2708, 2, '2013-05-14 18:31:00', 1, 1),
(2709, 2, '2013-05-14 18:32:00', 1, 1),
(2710, 3, '2013-05-14 18:32:00', 1, 1),
(2711, 2, '2013-05-14 18:32:00', 1, 1),
(2712, 1, '2013-05-14 18:34:00', 1, 1),
(2713, 1, '2013-05-14 18:34:00', 1, 1),
(2714, 2, '2013-05-14 18:35:00', 1, 1),
(2715, 2, '2013-05-14 18:35:00', 1, 1),
(2716, 1, '2013-05-14 18:39:00', 1, 1),
(2717, 2, '2013-05-14 18:39:00', 1, 1),
(2718, 1, '2013-05-14 18:41:00', 1, 1),
(2719, 3, '2013-05-14 18:41:00', 1, 1),
(2720, 2, '2013-05-14 19:20:00', 1, 1),
(2721, 1, '2013-05-14 19:20:00', 1, 1),
(2722, 2, '2013-05-14 19:21:00', 1, 1),
(2723, 2, '2013-05-14 19:21:00', 1, 1),
(2724, 2, '2013-05-14 19:27:00', 1, 1),
(2725, 3, '2013-05-14 19:27:00', 1, 1),
(2726, 3, '2013-05-14 23:21:00', 1, 1),
(2727, 2, '2013-05-15 11:58:00', 1, 1),
(2728, 3, '2013-05-15 11:59:00', 1, 1),
(2729, 3, '2013-05-15 12:01:00', 1, 1),
(2730, 1, '2013-05-15 12:03:00', 1, 1),
(2731, 2, '2013-05-15 12:09:00', 1, 1),
(2732, 2, '2013-05-15 12:10:00', 1, 1),
(2733, 2, '2013-05-15 12:14:00', 1, 1),
(2734, 1, '2013-05-15 12:33:00', 1, 1),
(2735, 3, '2013-05-15 12:33:00', 1, 1),
(2736, 2, '2013-05-15 12:34:00', 1, 1),
(2737, 3, '2013-05-15 12:37:00', 1, 1),
(2738, 2, '2013-05-15 12:37:00', 1, 1),
(2739, 3, '2013-05-15 12:38:00', 1, 1),
(2740, 3, '2013-05-15 12:49:00', 1, 1),
(2741, 2, '2013-05-15 12:54:00', 1, 1),
(2742, 3, '2013-05-15 12:55:00', 1, 1),
(2743, 2, '2013-05-15 12:56:00', 1, 1),
(2744, 2, '2013-05-15 12:56:00', 1, 1),
(2745, 2, '2013-05-15 13:39:00', 1, 1),
(2746, 3, '2013-05-15 13:54:00', 1, 1),
(2747, 2, '2013-05-15 13:58:00', 1, 1),
(2748, 2, '2013-05-15 13:58:00', 1, 1),
(2749, 2, '2013-05-15 14:00:00', 1, 1),
(2750, 3, '2013-05-15 14:05:00', 1, 1),
(2751, 3, '2013-05-15 14:06:00', 1, 1),
(2752, 2, '2013-05-15 14:07:00', 1, 1),
(2753, 2, '2013-05-15 14:08:00', 1, 1),
(2754, 3, '2013-05-15 14:09:00', 1, 1),
(2755, 3, '2013-05-15 14:09:00', 1, 1),
(2756, 2, '2013-05-15 14:21:00', 1, 1),
(2757, 3, '2013-05-15 14:22:00', 1, 1),
(2758, 3, '2013-05-15 14:23:00', 1, 1),
(2759, 3, '2013-05-15 14:23:00', 1, 1),
(2760, 3, '2013-05-15 14:24:00', 1, 1),
(2761, 2, '2013-05-15 14:26:00', 1, 1),
(2762, 3, '2013-05-15 14:37:00', 1, 1),
(2763, 3, '2013-05-15 14:48:00', 1, 1),
(2764, 3, '2013-05-15 14:49:00', 1, 1),
(2765, 3, '2013-05-15 14:51:00', 1, 1),
(2766, 3, '2013-05-15 14:52:00', 1, 1),
(2767, 3, '2013-05-15 14:53:00', 1, 1),
(2768, 2, '2013-05-15 14:54:00', 1, 1),
(2769, 2, '2013-05-15 14:56:00', 1, 1),
(2770, 2, '2013-05-15 14:57:00', 1, 1),
(2771, 2, '2013-05-15 14:58:00', 1, 1),
(2772, 3, '2013-05-15 15:10:00', 1, 1),
(2773, 3, '2013-05-15 15:10:00', 1, 1),
(2774, 1, '2013-05-15 15:12:00', 1, 1),
(2775, 3, '2013-05-15 15:14:00', 1, 1),
(2776, 2, '2013-05-15 15:17:00', 1, 1),
(2777, 2, '2013-05-15 15:17:00', 1, 1),
(2778, 2, '2013-05-15 15:17:00', 1, 1),
(2779, 3, '2013-05-15 15:17:00', 1, 1),
(2780, 1, '2013-05-15 15:21:00', 1, 1),
(2781, 2, '2013-05-15 15:26:00', 1, 1),
(2782, 3, '2013-05-15 15:27:00', 1, 1),
(2783, 2, '2013-05-15 15:27:00', 1, 1),
(2784, 2, '2013-05-15 15:27:00', 1, 1),
(2785, 2, '2013-05-15 15:28:00', 1, 1),
(2786, 3, '2013-05-15 15:28:00', 1, 1),
(2787, 1, '2013-05-15 15:28:00', 1, 1),
(2788, 2, '2013-05-15 15:28:00', 1, 1),
(2789, 3, '2013-05-15 15:28:00', 1, 1),
(2790, 3, '2013-05-15 15:29:00', 1, 1),
(2791, 1, '2013-05-15 15:29:00', 1, 1),
(2792, 2, '2013-05-15 15:29:00', 1, 1),
(2793, 2, '2013-05-15 15:29:00', 1, 1),
(2794, 2, '2013-05-15 15:29:00', 1, 1),
(2795, 1, '2013-05-15 15:29:00', 1, 1),
(2796, 1, '2013-05-15 15:29:00', 1, 1),
(2797, 2, '2013-05-15 15:29:00', 1, 1),
(2798, 3, '2013-05-15 15:29:00', 1, 1),
(2799, 3, '2013-05-15 15:29:00', 1, 1),
(2800, 3, '2013-05-15 15:29:00', 1, 1),
(2801, 2, '2013-05-15 15:29:00', 1, 1),
(2802, 2, '2013-05-15 15:33:00', 1, 1),
(2803, 3, '2013-05-15 16:03:00', 1, 1),
(2804, 3, '2013-05-15 16:05:00', 1, 1),
(2805, 2, '2013-05-15 16:08:00', 1, 1),
(2806, 1, '2013-05-15 16:11:00', 1, 1),
(2807, 1, '2013-05-15 16:13:00', 1, 1),
(2808, 3, '2013-05-15 16:15:00', 1, 1),
(2809, 1, '2013-05-15 16:16:00', 1, 1),
(2810, 1, '2013-05-15 16:16:00', 1, 1),
(2811, 3, '2013-05-15 16:16:00', 1, 1),
(2812, 1, '2013-05-15 16:17:00', 1, 1),
(2813, 2, '2013-05-15 16:17:00', 1, 1),
(2814, 2, '2013-05-15 16:17:00', 1, 1),
(2815, 2, '2013-05-15 16:18:00', 1, 1),
(2816, 3, '2013-05-15 16:21:00', 1, 1),
(2817, 1, '2013-05-15 23:08:00', 1, 1),
(2818, 3, '2013-05-15 23:08:00', 1, 1),
(2819, 2, '2013-05-15 23:08:00', 1, 1),
(2820, 3, '2013-05-15 23:34:00', 1, 1),
(2821, 3, '2013-05-15 23:35:00', 1, 1),
(2822, 2, '2013-05-15 23:35:00', 1, 1),
(2823, 1, '2013-05-15 23:36:00', 1, 1),
(2824, 1, '2013-05-16 00:17:00', 1, 1),
(2825, 3, '2013-05-16 00:17:00', 1, 1),
(2826, 2, '2013-05-16 00:18:00', 1, 1),
(2827, 2, '2013-05-16 00:18:00', 1, 1),
(2828, 2, '2013-05-16 00:19:00', 1, 1),
(2829, 2, '2013-05-16 00:22:00', 1, 1),
(2830, 2, '2013-05-16 00:24:00', 1, 1),
(2831, 3, '2013-05-16 00:29:00', 1, 1),
(2832, 2, '2013-05-16 00:47:00', 1, 1),
(2833, 3, '2013-05-16 01:11:00', 1, 1),
(2834, 2, '2013-05-16 01:14:00', 1, 1),
(2835, 2, '2013-05-16 01:16:00', 1, 1),
(2836, 2, '2013-05-16 01:18:00', 1, 1),
(2837, 2, '2013-05-16 01:21:00', 1, 1),
(2838, 2, '2013-05-16 01:21:00', 1, 1),
(2839, 3, '2013-05-16 01:22:00', 1, 1),
(2840, 1, '2013-05-16 01:25:00', 1, 1),
(2841, 3, '2013-05-16 01:26:00', 1, 1),
(2842, 3, '2013-05-16 01:26:00', 1, 1),
(2843, 1, '2013-05-16 01:27:00', 1, 1),
(2844, 3, '2013-05-16 01:31:00', 1, 1),
(2845, 3, '2013-05-16 01:31:00', 1, 1),
(2846, 2, '2013-05-16 01:34:00', 1, 1),
(2847, 3, '2013-05-16 01:37:00', 1, 1),
(2848, 2, '2013-05-16 01:37:00', 1, 1),
(2849, 1, '2013-05-16 01:38:00', 1, 1),
(2850, 3, '2013-05-16 01:41:00', 1, 1),
(2851, 1, '2013-05-16 01:42:00', 1, 1),
(2852, 2, '2013-05-16 01:42:00', 1, 1),
(2853, 3, '2013-05-16 01:42:00', 1, 1),
(2854, 2, '2013-05-16 01:43:00', 1, 1),
(2855, 2, '2013-05-16 01:46:00', 1, 1),
(2856, 1, '2013-05-16 01:46:00', 1, 1),
(2857, 2, '2013-05-16 01:47:00', 1, 1),
(2858, 2, '2013-05-16 01:48:00', 1, 1),
(2859, 2, '2013-05-16 01:48:00', 1, 1),
(2860, 2, '2013-05-16 01:48:00', 1, 1),
(2861, 1, '2013-05-16 02:11:00', 1, 1),
(2862, 2, '2013-05-16 02:11:00', 1, 1),
(2863, 2, '2013-05-16 02:16:00', 1, 1),
(2864, 2, '2013-05-16 02:16:00', 1, 1),
(2865, 2, '2013-05-16 02:19:00', 1, 1),
(2866, 2, '2013-05-16 02:19:00', 1, 1),
(2867, 2, '2013-05-16 02:20:00', 1, 1),
(2868, 3, '2013-05-16 02:20:00', 1, 1),
(2869, 2, '2013-05-16 02:22:00', 1, 1),
(2870, 3, '2013-05-16 02:22:00', 1, 1),
(2871, 2, '2013-05-16 02:26:00', 1, 1),
(2872, 1, '2013-05-16 02:26:00', 1, 1),
(2873, 1, '2013-05-16 02:29:00', 1, 1),
(2874, 1, '2013-05-16 02:29:00', 1, 1),
(2875, 2, '2013-05-16 02:32:00', 1, 1),
(2876, 3, '2013-05-16 02:32:00', 1, 1),
(2877, 2, '2013-05-16 02:36:00', 1, 1),
(2878, 1, '2013-05-16 02:36:00', 1, 1),
(2879, 1, '2013-05-16 02:38:00', 1, 1),
(2880, 2, '2013-05-16 02:39:00', 1, 1),
(2881, 3, '2013-05-16 02:39:00', 1, 1),
(2882, 1, '2013-05-16 02:39:00', 1, 1),
(2883, 1, '2013-05-16 02:39:00', 1, 1),
(2884, 1, '2013-05-16 02:39:00', 1, 1),
(2885, 1, '2013-05-16 02:40:00', 1, 1),
(2886, 2, '2013-05-16 02:40:00', 1, 1),
(2887, 1, '2013-05-16 02:40:00', 1, 1),
(2888, 2, '2013-05-16 02:40:00', 1, 1),
(2889, 2, '2013-05-16 02:40:00', 1, 1),
(2890, 3, '2013-05-16 02:40:00', 1, 1),
(2891, 2, '2013-05-16 02:41:00', 1, 1),
(2892, 2, '2013-05-16 02:41:00', 1, 1),
(2893, 2, '2013-05-16 02:41:00', 1, 1),
(2894, 3, '2013-05-16 02:41:00', 1, 1),
(2895, 2, '2013-05-16 02:41:00', 1, 1),
(2896, 3, '2013-05-16 02:41:00', 1, 1),
(2897, 3, '2013-05-16 02:41:00', 1, 1),
(2898, 2, '2013-05-16 02:41:00', 1, 1),
(2899, 2, '2013-05-16 02:43:00', 1, 1),
(2900, 3, '2013-05-16 02:43:00', 1, 1),
(2901, 3, '2013-05-16 02:46:00', 1, 1),
(2902, 2, '2013-05-16 02:46:00', 1, 1),
(2903, 2, '2013-05-16 02:46:00', 1, 1),
(2904, 2, '2013-05-16 02:49:00', 1, 1),
(2905, 2, '2013-05-16 02:49:00', 1, 1),
(2906, 1, '2013-05-16 03:00:00', 1, 1),
(2907, 1, '2013-05-16 03:00:00', 1, 1),
(2908, 1, '2013-05-16 03:01:00', 1, 1),
(2909, 3, '2013-05-16 03:01:00', 1, 1),
(2910, 2, '2013-05-16 03:02:00', 1, 1),
(2911, 3, '2013-05-16 03:02:00', 1, 1),
(2912, 3, '2013-05-16 03:02:00', 1, 1),
(2913, 3, '2013-05-16 03:02:00', 1, 1),
(2914, 3, '2013-05-16 03:02:00', 1, 1),
(2915, 2, '2013-05-16 03:02:00', 1, 1),
(2916, 1, '2013-05-16 03:02:00', 1, 1),
(2917, 1, '2013-05-16 03:02:00', 1, 1),
(2918, 2, '2013-05-16 03:02:00', 1, 1),
(2919, 1, '2013-05-16 03:02:00', 1, 1),
(2920, 2, '2013-05-16 03:03:00', 1, 1),
(2921, 2, '2013-05-16 03:03:00', 1, 1),
(2922, 1, '2013-05-16 21:00:00', 1, 1),
(2923, 2, '2013-05-16 21:00:00', 1, 1),
(2924, 2, '2013-05-16 21:00:00', 1, 1),
(2925, 2, '2013-05-16 21:00:00', 1, 1),
(2926, 1, '2013-05-16 21:00:00', 1, 1),
(2927, 3, '2013-05-16 21:00:00', 1, 1),
(2928, 1, '2013-05-16 21:01:00', 1, 1),
(2929, 2, '2013-05-16 21:01:00', 1, 1),
(2930, 2, '2013-05-16 21:01:00', 1, 1),
(2931, 3, '2013-05-16 21:01:00', 1, 1),
(2932, 2, '2013-05-16 21:01:00', 1, 1),
(2933, 1, '2013-05-16 21:01:00', 1, 1),
(2934, 2, '2013-05-16 21:01:00', 1, 1),
(2935, 2, '2013-05-16 21:01:00', 1, 1),
(2936, 2, '2013-05-16 21:01:00', 1, 1),
(2937, 2, '2013-05-16 21:01:00', 1, 1),
(2938, 3, '2013-05-16 21:01:00', 1, 1),
(2939, 2, '2013-05-16 21:01:00', 1, 1),
(2940, 3, '2013-05-16 21:15:00', 1, 1),
(2941, 2, '2013-05-16 21:15:00', 1, 1),
(2942, 2, '2013-05-16 21:15:00', 1, 1),
(2943, 3, '2013-05-16 21:15:00', 1, 1),
(2944, 3, '2013-05-16 21:15:00', 1, 1),
(2945, 3, '2013-05-16 21:15:00', 1, 1),
(2946, 2, '2013-05-16 21:16:00', 1, 1),
(2947, 2, '2013-05-16 21:16:00', 1, 1),
(2948, 2, '2013-05-16 21:23:00', 1, 1),
(2949, 2, '2013-05-16 21:23:00', 1, 1),
(2950, 2, '2013-05-16 21:25:00', 1, 1),
(2951, 2, '2013-05-16 21:25:00', 1, 1),
(2952, 3, '2013-05-16 21:25:00', 1, 1),
(2953, 2, '2013-05-16 21:25:00', 1, 1),
(2954, 3, '2013-05-16 21:25:00', 1, 1),
(2955, 2, '2013-05-16 21:25:00', 1, 1),
(2956, 2, '2013-05-16 21:25:00', 1, 1),
(2957, 3, '2013-05-16 21:25:00', 1, 1),
(2958, 3, '2013-05-16 21:25:00', 1, 1),
(2959, 3, '2013-05-16 21:26:00', 1, 1),
(2960, 2, '2013-05-16 21:26:00', 1, 1),
(2961, 2, '2013-05-16 21:26:00', 1, 1),
(2962, 2, '2013-05-16 22:09:00', 1, 1),
(2963, 2, '2013-05-16 22:09:00', 1, 1),
(2964, 3, '2013-05-16 22:09:00', 1, 1),
(2965, 3, '2013-05-16 22:10:00', 1, 1),
(2966, 2, '2013-05-16 22:11:00', 1, 1),
(2967, 3, '2013-05-17 00:14:00', 1, 1),
(2968, 1, '2013-05-17 00:14:00', 1, 1),
(2969, 1, '2013-05-17 00:14:00', 1, 1),
(2970, 2, '2013-05-17 00:14:00', 1, 1),
(2971, 1, '2013-05-17 00:14:00', 1, 1),
(2972, 2, '2013-05-17 00:15:00', 1, 1),
(2973, 2, '2013-05-17 00:15:00', 1, 1),
(2974, 2, '2013-05-17 00:15:00', 1, 1),
(2975, 1, '2013-05-17 00:15:00', 1, 1),
(2976, 2, '2013-05-17 00:15:00', 1, 1),
(2977, 2, '2013-05-17 00:15:00', 1, 1),
(2978, 2, '2013-05-17 00:15:00', 1, 1),
(2979, 2, '2013-05-17 00:15:00', 1, 1),
(2980, 3, '2013-05-17 00:15:00', 1, 1),
(2981, 3, '2013-05-17 00:15:00', 1, 1),
(2982, 2, '2013-05-17 00:15:00', 1, 1),
(2983, 3, '2013-05-17 02:26:00', 1, 1),
(2984, 1, '2013-05-17 02:27:00', 1, 1),
(2985, 2, '2013-05-17 02:27:00', 1, 1),
(2986, 3, '2013-05-17 02:27:00', 1, 1),
(2987, 1, '2013-05-17 02:27:00', 1, 1),
(2988, 2, '2013-05-17 02:27:00', 1, 1),
(2989, 2, '2013-05-17 02:28:00', 1, 1),
(2990, 1, '2013-05-17 02:28:00', 1, 1),
(2991, 1, '2013-05-17 02:28:00', 1, 1),
(2992, 3, '2013-05-17 02:28:00', 1, 1),
(2993, 1, '2013-05-17 02:28:00', 1, 1),
(2994, 3, '2013-05-17 02:28:00', 1, 1),
(2995, 2, '2013-05-17 02:28:00', 1, 1),
(2996, 1, '2013-05-17 02:31:00', 1, 1),
(2997, 1, '2013-05-17 03:27:00', 1, 1),
(2998, 2, '2013-05-17 03:27:00', 1, 1),
(2999, 2, '2013-05-17 03:27:00', 1, 1),
(3000, 3, '2013-05-17 03:27:00', 1, 1),
(3001, 1, '2013-05-17 03:27:00', 1, 1),
(3002, 2, '2013-05-17 03:27:00', 1, 1),
(3003, 1, '2013-05-17 03:27:00', 1, 1),
(3004, 2, '2013-05-17 03:27:00', 1, 1),
(3005, 2, '2013-05-17 03:27:00', 1, 1),
(3006, 2, '2013-05-17 03:27:00', 1, 1),
(3007, 1, '2013-05-17 03:28:00', 1, 1),
(3008, 1, '2013-05-17 03:28:00', 1, 1),
(3009, 2, '2013-05-17 03:29:00', 1, 1),
(3010, 2, '2013-05-17 03:29:00', 1, 1),
(3011, 3, '2013-05-17 03:29:00', 1, 1),
(3012, 1, '2013-05-17 03:29:00', 1, 1),
(3013, 2, '2013-05-17 03:29:00', 1, 1),
(3014, 1, '2013-05-17 03:29:00', 1, 1),
(3015, 2, '2013-05-17 03:29:00', 1, 1),
(3016, 1, '2013-05-17 03:30:00', 1, 1),
(3017, 1, '2013-05-17 03:31:00', 1, 1),
(3018, 3, '2013-05-17 03:31:00', 1, 1),
(3019, 3, '2013-05-17 03:31:00', 1, 1),
(3020, 2, '2013-05-17 03:31:00', 1, 1),
(3021, 3, '2013-05-17 03:31:00', 1, 1),
(3022, 2, '2013-05-17 03:31:00', 1, 1),
(3023, 1, '2013-05-17 03:31:00', 1, 1),
(3024, 2, '2013-05-17 03:31:00', 1, 1),
(3025, 2, '2013-05-17 03:31:00', 1, 1),
(3026, 2, '2013-05-17 03:32:00', 1, 1),
(3027, 3, '2013-05-17 03:32:00', 1, 1),
(3028, 3, '2013-05-17 03:37:00', 1, 1),
(3029, 3, '2013-05-17 03:37:00', 1, 1),
(3030, 3, '2013-05-17 03:39:00', 1, 1),
(3031, 2, '2013-05-17 03:39:00', 1, 1),
(3032, 3, '2013-05-17 03:40:00', 1, 1),
(3033, 3, '2013-05-17 03:40:00', 1, 1),
(3034, 3, '2013-05-17 12:49:00', 1, 1),
(3035, 2, '2013-05-17 12:49:00', 1, 1),
(3036, 3, '2013-05-17 12:49:00', 1, 1),
(3037, 2, '2013-05-17 12:49:00', 1, 1),
(3038, 2, '2013-05-17 12:49:00', 1, 1),
(3039, 3, '2013-05-17 12:49:00', 1, 1),
(3040, 3, '2013-05-17 12:49:00', 1, 1),
(3041, 3, '2013-05-17 12:49:00', 1, 1),
(3042, 3, '2013-05-17 12:50:00', 1, 1),
(3043, 3, '2013-05-17 12:52:00', 1, 1),
(3044, 2, '2013-05-17 12:52:00', 1, 1),
(3045, 3, '2013-05-17 12:53:00', 1, 1),
(3046, 2, '2013-05-17 12:55:00', 1, 1),
(3047, 3, '2013-05-17 12:55:00', 1, 1),
(3048, 2, '2013-05-17 12:55:00', 1, 1),
(3049, 2, '2013-05-17 12:56:00', 1, 1),
(3050, 3, '2013-05-17 12:57:00', 1, 1),
(3051, 2, '2013-05-17 13:01:00', 1, 1),
(3052, 2, '2013-05-17 14:11:00', 1, 1),
(3053, 2, '2013-05-17 14:12:00', 1, 1),
(3054, 2, '2013-05-17 15:16:00', 1, 1),
(3055, 2, '2013-05-17 15:17:00', 1, 1),
(3056, 2, '2013-05-17 15:20:00', 1, 1),
(3057, 2, '2013-05-17 16:07:00', 1, 1),
(3058, 3, '2013-05-17 16:11:00', 1, 1),
(3059, 2, '2013-05-17 16:15:00', 1, 1),
(3060, 3, '2013-05-17 16:20:00', 1, 1),
(3061, 3, '2013-05-17 16:25:00', 1, 1),
(3062, 2, '2013-05-17 16:26:00', 1, 1),
(3063, 2, '2013-05-17 16:27:00', 1, 1),
(3064, 2, '2013-05-17 16:27:00', 1, 1),
(3065, 2, '2013-05-17 16:28:00', 1, 1),
(3066, 2, '2013-05-17 16:28:00', 1, 1),
(3067, 2, '2013-05-17 16:29:00', 1, 1),
(3068, 1, '2013-05-17 16:29:00', 1, 1),
(3069, 2, '2013-05-17 16:34:00', 1, 1),
(3070, 2, '2013-05-17 16:35:00', 1, 1),
(3071, 1, '2013-05-17 16:36:00', 1, 1),
(3072, 2, '2013-05-17 17:01:00', 1, 1),
(3073, 2, '2013-05-17 17:03:00', 1, 1),
(3074, 1, '2013-05-17 17:03:00', 1, 1),
(3075, 2, '2013-05-17 17:13:00', 1, 1),
(3076, 3, '2013-05-17 17:13:00', 1, 1),
(3077, 2, '2013-05-17 17:13:00', 1, 1),
(3078, 2, '2013-05-17 17:44:00', 1, 1),
(3079, 2, '2013-05-17 20:01:00', 1, 1),
(3080, 1, '2013-05-17 21:31:00', 1, 1),
(3081, 1, '2013-05-17 21:32:00', 1, 1),
(3082, 3, '2013-05-17 21:32:00', 1, 1),
(3083, 2, '2013-05-17 21:32:00', 1, 1),
(3084, 1, '2013-05-17 21:32:00', 1, 1),
(3085, 3, '2013-05-17 21:32:00', 1, 1),
(3086, 2, '2013-05-17 21:35:00', 1, 1),
(3087, 2, '2013-05-17 21:50:00', 1, 1),
(3088, 3, '2013-05-17 22:07:00', 1, 1),
(3089, 1, '2013-05-17 22:07:00', 1, 1),
(3090, 2, '2013-05-17 22:09:00', 1, 1),
(3091, 1, '2013-05-17 22:45:00', 1, 1),
(3092, 1, '2013-05-17 22:47:00', 1, 1),
(3093, 2, '2013-05-17 22:52:00', 1, 1),
(3094, 2, '2013-05-17 22:53:00', 1, 1),
(3095, 2, '2013-05-17 22:55:00', 1, 1),
(3096, 2, '2013-05-17 22:58:00', 1, 1),
(3097, 1, '2013-05-17 23:00:00', 1, 1),
(3098, 2, '2013-05-17 23:11:00', 1, 1),
(3099, 3, '2013-05-17 23:16:00', 1, 1),
(3100, 3, '2013-05-17 23:16:00', 1, 1),
(3101, 2, '2013-05-17 23:17:00', 1, 1),
(3102, 1, '2013-05-17 23:21:00', 1, 1),
(3103, 2, '2013-05-17 23:22:00', 1, 1),
(3104, 2, '2013-05-17 23:24:00', 1, 1),
(3105, 2, '2013-05-17 23:30:00', 1, 1),
(3106, 1, '2013-05-17 23:32:00', 1, 1),
(3107, 3, '2013-05-17 23:33:00', 1, 1),
(3108, 3, '2013-05-17 23:34:00', 1, 1),
(3109, 3, '2013-05-17 23:39:00', 1, 1),
(3110, 3, '2013-05-17 23:40:00', 1, 1),
(3111, 3, '2013-05-17 23:41:00', 1, 1),
(3112, 2, '2013-05-17 23:44:00', 1, 1),
(3113, 2, '2013-05-17 23:53:00', 1, 1),
(3114, 3, '2013-05-18 00:02:00', 1, 1),
(3115, 2, '2013-05-18 00:04:00', 1, 1),
(3116, 2, '2013-05-18 00:05:00', 1, 1),
(3117, 3, '2013-05-18 00:14:00', 1, 1),
(3118, 2, '2013-05-18 00:15:00', 1, 1),
(3119, 3, '2013-05-18 00:16:00', 1, 1),
(3120, 1, '2013-05-18 13:12:00', 1, 1),
(3121, 2, '2013-05-18 13:12:00', 1, 1),
(3122, 1, '2013-05-18 15:48:00', 1, 1),
(3123, 3, '2013-05-18 15:48:00', 1, 1),
(3124, 3, '2013-05-18 15:48:00', 1, 1),
(3125, 2, '2013-05-18 15:48:00', 1, 1),
(3126, 3, '2013-05-18 15:48:00', 1, 1),
(3127, 3, '2013-05-18 15:56:00', 1, 1),
(3128, 3, '2013-05-18 15:56:00', 1, 1),
(3129, 1, '2013-05-18 15:57:00', 1, 1),
(3130, 1, '2013-05-18 15:57:00', 1, 1),
(3131, 2, '2013-05-18 16:04:00', 1, 1),
(3132, 2, '2013-05-18 16:04:00', 1, 1),
(3133, 2, '2013-05-18 16:10:00', 1, 1),
(3134, 3, '2013-05-18 16:15:00', 1, 1),
(3135, 3, '2013-05-18 16:15:00', 1, 1),
(3136, 3, '2013-05-18 16:15:00', 1, 1),
(3137, 1, '2013-05-18 16:15:00', 1, 1),
(3138, 2, '2013-05-18 16:15:00', 1, 1),
(3139, 3, '2013-05-18 16:26:00', 1, 1),
(3140, 3, '2013-05-18 16:36:00', 1, 1),
(3141, 2, '2013-05-18 16:37:00', 1, 1),
(3142, 3, '2013-05-18 16:38:00', 1, 1),
(3143, 3, '2013-05-18 16:38:00', 1, 1),
(3144, 1, '2013-05-18 16:38:00', 1, 1),
(3145, 1, '2013-05-18 16:43:00', 1, 1),
(3146, 1, '2013-05-18 17:15:00', 1, 1),
(3147, 2, '2013-05-18 17:15:00', 1, 1),
(3148, 2, '2013-05-18 17:35:00', 1, 1),
(3149, 3, '2013-05-18 17:36:00', 1, 1),
(3150, 2, '2013-05-18 17:36:00', 1, 1),
(3151, 2, '2013-05-18 17:41:00', 1, 1),
(3152, 3, '2013-05-18 17:42:00', 1, 1),
(3153, 3, '2013-05-18 17:52:00', 1, 1),
(3154, 2, '2013-05-18 17:53:00', 1, 1),
(3155, 3, '2013-05-18 18:56:00', 1, 1),
(3156, 1, '2013-05-18 19:21:00', 1, 1),
(3157, 2, '2013-05-18 19:23:00', 1, 1),
(3158, 2, '2013-05-18 19:25:00', 1, 1),
(3159, 1, '2013-05-18 19:26:00', 1, 1),
(3160, 2, '2013-05-18 19:27:00', 1, 1),
(3161, 1, '2013-05-18 19:28:00', 1, 1),
(3162, 2, '2013-05-18 19:29:00', 1, 1),
(3163, 2, '2013-05-18 19:31:00', 1, 1),
(3164, 3, '2013-05-18 19:31:00', 1, 1),
(3165, 2, '2013-05-18 19:31:00', 1, 1),
(3166, 2, '2013-05-18 19:32:00', 1, 1),
(3167, 2, '2013-05-18 19:34:00', 1, 1),
(3168, 2, '2013-05-18 19:42:00', 1, 1),
(3169, 1, '2013-05-18 19:42:00', 1, 1),
(3170, 3, '2013-05-18 19:43:00', 1, 1),
(3171, 3, '2013-05-18 19:43:00', 1, 1),
(3172, 1, '2013-05-18 19:48:00', 1, 1),
(3173, 1, '2013-05-18 19:49:00', 1, 1),
(3174, 2, '2013-05-18 19:51:00', 1, 1),
(3175, 2, '2013-05-18 19:55:00', 1, 1),
(3176, 2, '2013-05-18 19:57:00', 1, 1),
(3177, 2, '2013-05-18 19:58:00', 1, 1),
(3178, 2, '2013-05-18 19:59:00', 1, 1),
(3179, 2, '2013-05-18 20:00:00', 1, 1),
(3180, 2, '2013-05-18 20:03:00', 1, 1),
(3181, 2, '2013-05-18 20:04:00', 1, 1),
(3182, 2, '2013-05-18 20:08:00', 1, 1),
(3183, 2, '2013-05-18 20:14:00', 1, 1),
(3184, 2, '2013-05-18 20:14:00', 1, 1),
(3185, 2, '2013-05-18 20:14:00', 1, 1),
(3186, 2, '2013-05-18 20:15:00', 1, 1),
(3187, 2, '2013-05-19 22:07:00', 1, 1),
(3188, 2, '2013-05-19 22:07:00', 1, 1),
(3189, 2, '2013-05-19 22:07:00', 1, 1),
(3190, 3, '2013-05-19 22:07:00', 1, 1),
(3191, 2, '2013-05-19 22:07:00', 1, 1),
(3192, 2, '2013-05-19 22:14:00', 1, 1),
(3193, 1, '2013-05-19 22:14:00', 1, 1),
(3194, 1, '2013-05-19 22:14:00', 1, 1),
(3195, 2, '2013-05-19 23:00:00', 1, 1),
(3196, 3, '2013-05-19 23:03:00', 1, 1),
(3197, 1, '2013-05-19 23:06:00', 1, 1),
(3198, 2, '2013-05-20 00:29:00', 1, 1),
(3199, 2, '2013-05-20 00:29:00', 1, 1),
(3200, 1, '2013-05-20 00:42:00', 1, 1),
(3201, 2, '2013-05-20 00:42:00', 1, 1),
(3202, 2, '2013-05-20 01:07:00', 1, 1),
(3203, 2, '2013-05-20 01:08:00', 1, 1),
(3204, 1, '2013-05-20 01:08:00', 1, 1),
(3205, 2, '2013-05-20 01:09:00', 1, 1),
(3206, 2, '2013-05-20 01:09:00', 1, 1),
(3207, 1, '2013-05-20 01:11:00', 1, 1),
(3208, 2, '2013-05-20 01:14:00', 1, 1),
(3209, 2, '2013-05-20 01:15:00', 1, 1),
(3210, 3, '2013-05-20 01:15:00', 1, 1),
(3211, 1, '2013-05-20 01:15:00', 1, 1),
(3212, 2, '2013-05-20 01:16:00', 1, 1),
(3213, 2, '2013-05-20 01:18:00', 1, 1),
(3214, 2, '2013-05-20 01:19:00', 1, 1),
(3215, 1, '2013-05-20 01:19:00', 1, 1),
(3216, 2, '2013-05-20 01:22:00', 1, 1),
(3217, 2, '2013-05-20 01:22:00', 1, 1),
(3218, 2, '2013-05-20 01:23:00', 1, 1),
(3219, 1, '2013-05-20 01:23:00', 1, 1),
(3220, 3, '2013-05-20 01:23:00', 1, 1),
(3221, 1, '2013-05-20 01:23:00', 1, 1),
(3222, 2, '2013-05-20 01:24:00', 1, 1),
(3223, 2, '2013-05-20 01:24:00', 1, 1),
(3224, 2, '2013-05-20 01:37:00', 1, 1),
(3225, 3, '2013-05-20 08:56:00', 1, 1),
(3226, 2, '2013-05-20 08:56:00', 1, 1),
(3227, 1, '2013-05-20 08:56:00', 1, 1),
(3228, 2, '2013-05-20 08:58:00', 1, 1),
(3229, 3, '2013-05-20 08:58:00', 1, 1),
(3230, 3, '2013-05-20 08:59:00', 1, 1),
(3231, 3, '2013-05-20 08:59:00', 1, 1),
(3232, 2, '2013-05-20 09:00:00', 1, 1),
(3233, 3, '2013-05-20 09:00:00', 1, 1),
(3234, 2, '2013-05-20 09:00:00', 1, 1),
(3235, 1, '2013-05-20 09:04:00', 1, 1),
(3236, 3, '2013-05-20 09:04:00', 1, 1),
(3237, 2, '2013-05-20 09:11:00', 1, 1),
(3238, 1, '2013-05-20 09:11:00', 1, 1),
(3239, 3, '2013-05-20 09:17:00', 1, 1),
(3240, 2, '2013-05-20 09:19:00', 1, 1),
(3241, 3, '2013-05-20 09:20:00', 1, 1),
(3242, 1, '2013-05-20 09:23:00', 1, 1),
(3243, 2, '2013-05-20 14:32:00', 1, 1),
(3244, 3, '2013-05-20 15:32:00', 1, 1),
(3245, 2, '2013-05-20 15:33:00', 1, 1),
(3246, 2, '2013-05-20 16:15:00', 1, 1),
(3247, 1, '2013-05-20 16:16:00', 1, 1),
(3248, 3, '2013-05-20 16:18:00', 1, 1),
(3249, 2, '2013-05-20 16:21:00', 1, 1),
(3250, 2, '2013-05-20 16:24:00', 1, 1),
(3251, 2, '2013-05-20 16:31:00', 1, 1),
(3252, 2, '2013-05-20 16:33:00', 1, 1),
(3253, 2, '2013-05-20 16:34:00', 1, 1),
(3254, 1, '2013-05-20 16:34:00', 1, 1),
(3255, 3, '2013-05-20 16:35:00', 1, 1),
(3256, 1, '2013-05-20 16:35:00', 1, 1),
(3257, 3, '2013-05-20 16:35:00', 1, 1),
(3258, 2, '2013-05-20 16:46:00', 1, 1),
(3259, 2, '2013-05-20 16:50:00', 1, 1),
(3260, 1, '2013-05-20 16:51:00', 1, 1),
(3261, 1, '2013-05-20 17:06:00', 1, 1),
(3262, 3, '2013-05-20 17:06:00', 1, 1),
(3263, 2, '2013-05-20 17:06:00', 1, 1),
(3264, 2, '2013-05-20 17:09:00', 1, 1),
(3265, 3, '2013-05-20 17:10:00', 1, 1),
(3266, 2, '2013-05-20 17:14:00', 1, 1),
(3267, 2, '2013-05-20 17:15:00', 1, 1),
(3268, 3, '2013-05-20 17:18:00', 1, 1),
(3269, 2, '2013-05-20 17:19:00', 1, 1),
(3270, 1, '2013-05-20 17:24:00', 1, 1),
(3271, 2, '2013-05-20 17:25:00', 1, 1),
(3272, 2, '2013-05-20 17:36:00', 1, 1),
(3273, 3, '2013-05-20 17:38:00', 1, 1),
(3274, 2, '2013-05-20 17:39:00', 1, 1),
(3275, 3, '2013-05-20 17:39:00', 1, 1),
(3276, 2, '2013-05-20 18:13:00', 1, 1),
(3277, 2, '2013-05-20 18:17:00', 1, 1),
(3278, 3, '2013-05-21 16:06:00', 1, 1),
(3279, 3, '2013-05-21 16:06:00', 1, 1),
(3280, 3, '2013-05-21 16:07:00', 1, 1),
(3281, 3, '2013-05-21 16:28:00', 1, 1),
(3282, 3, '2013-05-21 16:35:00', 1, 1),
(3283, 3, '2013-05-21 16:35:00', 1, 1),
(3284, 3, '2013-05-21 16:35:00', 1, 1),
(3285, 3, '2013-05-21 16:35:00', 1, 1),
(3286, 3, '2013-05-21 16:35:00', 1, 1),
(3287, 1, '2013-05-21 16:36:00', 1, 1),
(3288, 2, '2013-05-22 11:49:00', 1, 1),
(3289, 1, '2013-05-22 11:57:00', 1, 1),
(3290, 1, '2013-05-22 12:00:00', 1, 1),
(3291, 2, '2013-05-22 12:08:00', 1, 1),
(3292, 2, '2013-05-22 22:06:00', 1, 1),
(3293, 3, '2013-05-23 13:48:00', 1, 1),
(3294, 2, '2013-05-23 13:48:00', 1, 1),
(3295, 3, '2013-05-23 13:50:00', 1, 1),
(3296, 2, '2013-05-23 13:51:00', 1, 1),
(3297, 3, '2013-05-23 13:52:00', 1, 1),
(3298, 2, '2013-05-23 14:13:00', 1, 1),
(3299, 3, '2013-05-23 14:18:00', 1, 1),
(3300, 2, '2013-05-23 14:26:00', 1, 1),
(3301, 3, '2013-05-23 14:35:00', 1, 1),
(3302, 3, '2013-05-23 14:41:00', 1, 1),
(3303, 2, '2013-05-23 14:44:00', 1, 1),
(3304, 1, '2013-05-23 14:45:00', 1, 1),
(3305, 2, '2013-05-23 14:47:00', 1, 1),
(3306, 1, '2013-05-23 14:47:00', 1, 1),
(3307, 2, '2013-05-23 14:49:00', 1, 1),
(3308, 1, '2013-05-23 14:51:00', 1, 1),
(3309, 2, '2013-05-23 14:52:00', 1, 1),
(3310, 3, '2013-05-23 14:54:00', 1, 1),
(3311, 1, '2013-05-23 14:56:00', 1, 1),
(3312, 2, '2013-05-23 14:56:00', 1, 1),
(3313, 1, '2013-05-23 15:16:00', 1, 1),
(3314, 2, '2013-05-23 15:19:00', 1, 1),
(3315, 3, '2013-05-23 15:26:00', 1, 1),
(3316, 1, '2013-05-23 15:27:00', 1, 1),
(3317, 2, '2013-05-23 15:27:00', 1, 1),
(3318, 1, '2013-05-23 15:28:00', 1, 1),
(3319, 2, '2013-05-23 15:31:00', 1, 1),
(3320, 2, '2013-05-23 15:33:00', 1, 1),
(3321, 1, '2013-05-23 15:34:00', 1, 1),
(3322, 3, '2013-05-23 15:39:00', 1, 1),
(3323, 1, '2013-05-23 15:41:00', 1, 1),
(3324, 3, '2013-05-23 15:58:00', 1, 1),
(3325, 1, '2013-05-23 16:04:00', 1, 1),
(3326, 1, '2013-05-23 16:10:00', 1, 1),
(3327, 1, '2013-05-23 16:12:00', 1, 1),
(3328, 1, '2013-05-23 16:15:00', 1, 1),
(3329, 3, '2013-05-23 16:16:00', 1, 1),
(3330, 1, '2013-05-23 16:18:00', 1, 1),
(3331, 2, '2013-05-23 16:19:00', 1, 1),
(3332, 3, '2013-05-23 16:20:00', 1, 1),
(3333, 1, '2013-05-23 16:21:00', 1, 1),
(3334, 2, '2013-05-23 16:23:00', 1, 1),
(3335, 3, '2013-05-23 16:26:00', 1, 1),
(3336, 3, '2013-05-23 16:31:00', 1, 1),
(3337, 1, '2013-05-23 16:32:00', 1, 1),
(3338, 2, '2013-05-23 16:34:00', 1, 1),
(3339, 2, '2013-05-23 16:35:00', 1, 1),
(3340, 2, '2013-05-23 16:36:00', 1, 1),
(3341, 2, '2013-05-23 16:38:00', 1, 1),
(3342, 1, '2013-05-23 16:38:00', 1, 1),
(3343, 3, '2013-05-23 16:39:00', 1, 1),
(3344, 3, '2013-05-23 16:40:00', 1, 1),
(3345, 2, '2013-05-23 16:41:00', 1, 1),
(3346, 2, '2013-05-23 16:42:00', 1, 1),
(3347, 2, '2013-05-23 16:42:00', 1, 1),
(3348, 2, '2013-05-23 16:49:00', 1, 1),
(3349, 3, '2013-05-23 16:56:00', 1, 1),
(3350, 2, '2013-05-23 16:59:00', 1, 1),
(3351, 2, '2013-05-23 17:01:00', 1, 1),
(3352, 3, '2013-05-23 17:02:00', 1, 1),
(3353, 2, '2013-05-23 17:03:00', 1, 1),
(3354, 2, '2013-05-23 17:04:00', 1, 1),
(3355, 2, '2013-05-23 17:04:00', 1, 1),
(3356, 2, '2013-05-23 17:05:00', 1, 1),
(3357, 2, '2013-05-23 17:06:00', 1, 1),
(3358, 2, '2013-05-23 17:06:00', 1, 1),
(3359, 3, '2013-05-23 17:07:00', 1, 1),
(3360, 2, '2013-05-23 17:09:00', 1, 1),
(3361, 3, '2013-05-23 17:15:00', 1, 1),
(3362, 2, '2013-05-23 17:15:00', 1, 1),
(3363, 2, '2013-05-23 17:16:00', 1, 1),
(3364, 3, '2013-05-23 17:19:00', 1, 1),
(3365, 3, '2013-05-23 17:22:00', 1, 1),
(3366, 2, '2013-05-23 17:24:00', 1, 1),
(3367, 2, '2013-05-23 17:26:00', 1, 1),
(3368, 2, '2013-05-23 17:27:00', 1, 1),
(3369, 2, '2013-05-23 17:28:00', 1, 1),
(3370, 2, '2013-05-23 17:33:00', 1, 1),
(3371, 2, '2013-05-23 17:33:00', 1, 1),
(3372, 2, '2013-05-23 17:37:00', 1, 1),
(3373, 2, '2013-05-23 17:37:00', 1, 1),
(3374, 3, '2013-05-23 17:45:00', 1, 1),
(3375, 3, '2013-05-23 17:48:00', 1, 1),
(3376, 2, '2013-05-23 17:49:00', 1, 1),
(3377, 2, '2013-05-23 17:53:00', 1, 1),
(3378, 2, '2013-05-23 17:53:00', 1, 1),
(3379, 3, '2013-05-23 17:54:00', 1, 1),
(3380, 3, '2013-05-23 17:57:00', 1, 1),
(3381, 2, '2013-05-23 17:57:00', 1, 1),
(3382, 3, '2013-05-23 18:02:00', 1, 1),
(3383, 2, '2013-05-23 18:42:00', 1, 1),
(3384, 3, '2013-05-23 18:42:00', 1, 1),
(3385, 3, '2013-05-23 18:45:00', 1, 1),
(3386, 3, '2013-05-23 18:45:00', 1, 1),
(3387, 2, '2013-05-23 18:46:00', 1, 1),
(3388, 1, '2013-05-23 18:46:00', 1, 1),
(3389, 2, '2013-05-23 18:46:00', 1, 1),
(3390, 1, '2013-05-23 18:47:00', 1, 1),
(3391, 3, '2013-05-23 18:47:00', 1, 1),
(3392, 1, '2013-05-23 18:54:00', 1, 1),
(3393, 3, '2013-05-23 18:55:00', 1, 1),
(3394, 2, '2013-05-23 18:55:00', 1, 1),
(3395, 1, '2013-05-23 18:59:00', 1, 1),
(3396, 1, '2013-05-23 18:59:00', 1, 1),
(3397, 2, '2013-05-23 19:03:00', 1, 1),
(3398, 2, '2013-05-23 19:15:00', 1, 1),
(3399, 2, '2013-05-23 19:15:00', 1, 1),
(3400, 2, '2013-05-23 19:15:00', 1, 1),
(3401, 2, '2013-05-23 19:16:00', 1, 1),
(3402, 2, '2013-05-23 19:19:00', 1, 1),
(3403, 1, '2013-05-23 23:25:00', 1, 1),
(3404, 3, '2013-05-23 23:25:00', 1, 1),
(3405, 3, '2013-05-23 23:25:00', 1, 1),
(3406, 2, '2013-05-23 23:53:00', 1, 1),
(3407, 2, '2013-05-24 00:02:00', 1, 1),
(3408, 2, '2013-05-24 00:02:00', 1, 1),
(3409, 1, '2013-05-24 00:03:00', 1, 1),
(3410, 3, '2013-05-24 00:03:00', 1, 1),
(3411, 1, '2013-05-24 00:03:00', 1, 1),
(3412, 1, '2013-05-24 00:04:00', 1, 1),
(3413, 2, '2013-05-24 00:04:00', 1, 1),
(3414, 2, '2013-05-24 00:05:00', 1, 1),
(3415, 3, '2013-05-24 00:05:00', 1, 1),
(3416, 2, '2013-05-24 00:05:00', 1, 1),
(3417, 2, '2013-05-24 00:06:00', 1, 1),
(3418, 2, '2013-05-24 00:07:00', 1, 1),
(3419, 2, '2013-05-24 00:07:00', 1, 1),
(3420, 2, '2013-05-24 00:08:00', 1, 1),
(3421, 2, '2013-05-24 00:08:00', 1, 1),
(3422, 3, '2013-05-24 00:09:00', 1, 1),
(3423, 3, '2013-05-24 00:09:00', 1, 1),
(3424, 1, '2013-05-24 00:10:00', 1, 1),
(3425, 3, '2013-05-24 00:10:00', 1, 1),
(3426, 3, '2013-05-24 00:11:00', 1, 1),
(3427, 3, '2013-05-24 00:11:00', 1, 1),
(3428, 1, '2013-05-24 00:12:00', 1, 1),
(3429, 3, '2013-05-24 00:12:00', 1, 1),
(3430, 2, '2013-05-24 00:29:00', 1, 1),
(3431, 3, '2013-05-24 00:32:00', 1, 1),
(3432, 3, '2013-05-24 00:33:00', 1, 1),
(3433, 1, '2013-05-24 00:33:00', 1, 1),
(3434, 2, '2013-05-24 00:33:00', 1, 1),
(3435, 2, '2013-05-24 00:38:00', 1, 1),
(3436, 2, '2013-05-24 00:39:00', 1, 1),
(3437, 2, '2013-05-24 00:42:00', 1, 1),
(3438, 3, '2013-05-24 00:46:00', 1, 1),
(3439, 2, '2013-05-24 00:47:00', 1, 1),
(3440, 2, '2013-05-24 00:48:00', 1, 1),
(3441, 1, '2013-05-24 00:54:00', 1, 1),
(3442, 3, '2013-05-24 00:56:00', 1, 1),
(3443, 3, '2013-05-24 00:58:00', 1, 1),
(3444, 2, '2013-05-24 00:58:00', 1, 1),
(3445, 3, '2013-05-24 01:01:00', 1, 1),
(3446, 3, '2013-05-24 01:08:00', 1, 1),
(3447, 3, '2013-05-25 00:56:00', 1, 1),
(3448, 3, '2013-05-25 00:57:00', 1, 1),
(3449, 1, '2013-05-25 00:57:00', 1, 1),
(3450, 3, '2013-05-25 02:32:00', 1, 1),
(3451, 1, '2013-05-25 02:33:00', 1, 1),
(3452, 2, '2013-05-25 02:33:00', 1, 1),
(3453, 3, '2013-05-25 02:33:00', 1, 1),
(3454, 2, '2013-05-25 18:22:00', 1, 1),
(3455, 2, '2013-05-25 18:22:00', 1, 1),
(3456, 2, '2013-05-25 18:23:00', 1, 1),
(3457, 2, '2013-05-25 18:23:00', 1, 1),
(3458, 3, '2013-05-25 19:32:00', 1, 1),
(3459, 1, '2013-05-25 19:32:00', 1, 1),
(3460, 3, '2013-05-25 19:32:00', 1, 1),
(3461, 3, '2013-05-25 19:32:00', 1, 1),
(3462, 2, '2013-05-25 19:32:00', 1, 1),
(3463, 3, '2013-05-25 19:37:00', 1, 1),
(3464, 1, '2013-05-25 19:40:00', 1, 1),
(3465, 1, '2013-05-25 19:42:00', 1, 1),
(3466, 1, '2013-05-25 19:42:00', 1, 1),
(3467, 1, '2013-05-25 20:50:00', 1, 1),
(3468, 2, '2013-05-25 20:58:00', 1, 1),
(3469, 2, '2013-05-25 21:02:00', 1, 1),
(3470, 3, '2013-05-25 21:04:00', 1, 1),
(3471, 2, '2013-05-25 21:06:00', 1, 1),
(3472, 3, '2013-05-25 21:07:00', 1, 1),
(3473, 2, '2013-05-25 21:09:00', 1, 1),
(3474, 2, '2013-05-25 21:12:00', 1, 1),
(3475, 2, '2013-05-25 21:16:00', 1, 1),
(3476, 2, '2013-05-25 21:17:00', 1, 1),
(3477, 2, '2013-05-25 21:18:00', 1, 1),
(3478, 2, '2013-05-25 21:19:00', 1, 1),
(3479, 2, '2013-05-26 00:10:00', 1, 1),
(3480, 3, '2013-05-26 00:10:00', 1, 1),
(3481, 2, '2013-05-26 00:10:00', 1, 1),
(3482, 2, '2013-05-26 00:11:00', 1, 1),
(3483, 2, '2013-05-26 00:13:00', 1, 1),
(3484, 2, '2013-05-26 00:13:00', 1, 1),
(3485, 2, '2013-05-26 00:13:00', 1, 1),
(3486, 2, '2013-05-26 00:13:00', 1, 1),
(3487, 2, '2013-05-26 00:21:00', 1, 1),
(3488, 1, '2013-05-26 00:36:00', 1, 1),
(3489, 2, '2013-05-26 00:38:00', 1, 1),
(3490, 2, '2013-05-26 00:38:00', 1, 1),
(3491, 1, '2013-05-26 00:39:00', 1, 1),
(3492, 2, '2013-05-26 00:53:00', 1, 1),
(3493, 2, '2013-05-26 00:53:00', 1, 1),
(3494, 1, '2013-05-26 00:53:00', 1, 1),
(3495, 2, '2013-05-26 00:53:00', 1, 1),
(3496, 1, '2013-05-26 00:53:00', 1, 1),
(3497, 2, '2013-05-27 12:22:00', 1, 1),
(3498, 2, '2013-05-27 12:23:00', 1, 1),
(3499, 2, '2013-05-27 12:23:00', 1, 1),
(3500, 1, '2013-05-27 12:23:00', 1, 1),
(3501, 3, '2013-05-27 12:32:00', 1, 1),
(3502, 1, '2013-05-27 12:43:00', 1, 1),
(3503, 1, '2013-05-27 12:53:00', 1, 1),
(3504, 2, '2013-05-27 12:54:00', 1, 1),
(3505, 1, '2013-05-27 12:54:00', 1, 1),
(3506, 1, '2013-05-27 12:54:00', 1, 1),
(3507, 1, '2013-05-27 12:55:00', 1, 1),
(3508, 3, '2013-05-27 12:55:00', 1, 1),
(3509, 2, '2013-05-27 12:58:00', 1, 1),
(3510, 1, '2013-05-27 12:58:00', 1, 1),
(3511, 2, '2013-05-27 12:59:00', 1, 1),
(3512, 2, '2013-05-27 13:01:00', 1, 1),
(3513, 3, '2013-05-27 13:02:00', 1, 1),
(3514, 2, '2013-05-27 13:03:00', 1, 1),
(3515, 2, '2013-05-27 13:26:00', 1, 1),
(3516, 2, '2013-05-27 13:44:00', 1, 1),
(3517, 2, '2013-05-27 13:44:00', 1, 1),
(3518, 2, '2013-05-27 14:26:00', 1, 1),
(3519, 1, '2013-05-27 14:26:00', 1, 1),
(3520, 3, '2013-05-27 14:27:00', 1, 1),
(3521, 2, '2013-05-27 14:29:00', 1, 1),
(3522, 2, '2013-05-27 14:30:00', 1, 1),
(3523, 2, '2013-05-27 15:06:00', 1, 1),
(3524, 1, '2013-05-27 15:07:00', 1, 1),
(3525, 1, '2013-05-27 15:07:00', 1, 1),
(3526, 3, '2013-05-27 15:09:00', 1, 1),
(3527, 2, '2013-05-27 15:10:00', 1, 1),
(3528, 2, '2013-05-27 15:10:00', 1, 1),
(3529, 2, '2013-05-27 15:11:00', 1, 1),
(3530, 2, '2013-05-27 15:18:00', 1, 1),
(3531, 3, '2013-05-27 15:18:00', 1, 1),
(3532, 3, '2013-05-27 15:19:00', 1, 1),
(3533, 1, '2013-05-27 15:23:00', 1, 1),
(3534, 1, '2013-05-27 15:24:00', 1, 1),
(3535, 2, '2013-05-27 15:24:00', 1, 1),
(3536, 2, '2013-05-27 15:25:00', 1, 1),
(3537, 3, '2013-05-27 15:25:00', 1, 1),
(3538, 1, '2013-05-27 15:25:00', 1, 1),
(3539, 2, '2013-05-27 15:26:00', 1, 1),
(3540, 2, '2013-05-27 15:26:00', 1, 1),
(3541, 2, '2013-05-27 16:18:00', 1, 1),
(3542, 1, '2013-05-27 16:18:00', 1, 1),
(3543, 3, '2013-05-27 16:19:00', 1, 1),
(3544, 1, '2013-05-27 16:20:00', 1, 1),
(3545, 2, '2013-05-27 16:23:00', 1, 1),
(3546, 2, '2013-05-27 16:25:00', 1, 1),
(3547, 2, '2013-05-27 16:33:00', 1, 1),
(3548, 2, '2013-05-27 16:34:00', 1, 1),
(3549, 2, '2013-05-27 16:36:00', 1, 1),
(3550, 3, '2013-05-27 16:38:00', 1, 1),
(3551, 1, '2013-05-27 16:38:00', 1, 1),
(3552, 2, '2013-05-27 16:39:00', 1, 1),
(3553, 2, '2013-05-27 16:55:00', 1, 1),
(3554, 3, '2013-05-27 16:55:00', 1, 1),
(3555, 2, '2013-05-27 16:56:00', 1, 1),
(3556, 2, '2013-05-27 16:56:00', 1, 1),
(3557, 3, '2013-05-27 16:57:00', 1, 1),
(3558, 3, '2013-05-27 16:58:00', 1, 1),
(3559, 2, '2013-05-27 16:58:00', 1, 1),
(3560, 2, '2013-05-27 16:59:00', 1, 1),
(3561, 2, '2013-05-27 16:59:00', 1, 1),
(3562, 3, '2013-05-27 18:17:00', 1, 1),
(3563, 3, '2013-05-27 18:18:00', 1, 1),
(3564, 2, '2013-05-27 18:22:00', 1, 1),
(3565, 3, '2013-05-27 19:20:00', 1, 1),
(3566, 2, '2013-05-27 20:00:00', 1, 1),
(3567, 2, '2013-05-27 20:00:00', 1, 1),
(3568, 2, '2013-05-27 20:00:00', 1, 1),
(3569, 2, '2013-05-27 20:00:00', 1, 1),
(3570, 2, '2013-05-27 21:32:00', 1, 1),
(3571, 2, '2013-05-27 21:35:00', 1, 1),
(3572, 2, '2013-05-27 21:54:00', 1, 1),
(3573, 3, '2013-05-27 23:51:00', 1, 1),
(3574, 3, '2013-05-31 17:32:00', 1, 1),
(3575, 3, '2013-05-31 17:32:00', 1, 1),
(3576, 3, '2013-05-31 17:32:00', 1, 1),
(3577, 3, '2013-05-31 17:32:00', 1, 1),
(3578, 3, '2013-05-31 17:32:00', 1, 1),
(3579, 3, '2013-05-31 17:32:00', 1, 1),
(3580, 3, '2013-05-31 17:33:00', 1, 1),
(3581, 3, '2013-05-31 17:50:00', 1, 1),
(3582, 3, '2013-05-31 17:50:00', 1, 1),
(3583, 3, '2013-05-31 17:52:00', 1, 1),
(3584, 3, '2013-05-31 17:52:00', 1, 1),
(3585, 3, '2013-05-31 17:53:00', 1, 1),
(3586, 3, '2013-05-31 17:53:00', 1, 1),
(3587, 2, '2013-05-31 17:55:00', 1, 1),
(3588, 2, '2013-07-13 15:15:00', 1, 1),
(3589, 3, '2013-07-13 15:15:00', 1, 1),
(3590, 3, '2013-10-07 04:00:00', 1, 1),
(3591, 1, '2013-10-07 04:01:00', 1, 1),
(3592, 1, '2013-10-07 04:01:00', 1, 1),
(3593, 3, '2013-10-07 04:01:00', 1, 1),
(3594, 2, '2013-10-07 04:01:00', 1, 1),
(3595, 2, '2013-10-07 04:01:00', 1, 1),
(3596, 2, '2014-02-01 23:15:00', 1, 1),
(3597, 2, '2014-02-01 23:15:00', 1, 1),
(3598, 3, '2015-02-14 17:01:00', 1, 1),
(3599, 2, '2015-02-14 17:01:00', 1, 1),
(3600, 2, '2015-02-14 17:01:00', 1, 1),
(3601, 3, '2015-03-19 17:24:00', 1, 1),
(3602, 2, '2015-03-19 17:24:00', 1, 1),
(3603, 1, '2015-03-19 17:24:00', 1, 1),
(3604, 1, '2015-03-19 17:25:00', 1, 1),
(3605, 3, '2015-03-19 17:25:00', 1, 1),
(3606, 2, '2015-03-19 17:25:00', 1, 1);

-- --------------------------------------------------------

--
-- Структура таблицы `types`
--

CREATE TABLE IF NOT EXISTS `types` (
  `id` int(11) NOT NULL AUTO_INCREMENT,
  `type` varchar(255) NOT NULL,
  `title` varchar(255) NOT NULL,
  `status` tinyint(1) NOT NULL DEFAULT '1',
  PRIMARY KEY (`id`)
) ENGINE=InnoDB  DEFAULT CHARSET=utf8 AUTO_INCREMENT=3 ;

--
-- Дамп данных таблицы `types`
--

INSERT INTO `types` (`id`, `type`, `title`, `status`) VALUES
(1, 'sale', 'Продать', 1),
(2, 'buy', 'Купить', 1);

-- --------------------------------------------------------

--
-- Структура таблицы `ulogin`
--

CREATE TABLE IF NOT EXISTS `ulogin` (
  `id` int(11) NOT NULL AUTO_INCREMENT,
  `identity` varchar(255) NOT NULL,
  `network` varchar(255) NOT NULL,
  `email` varchar(255) DEFAULT NULL,
  `full_name` varchar(255) DEFAULT NULL,
  `state` tinyint(1) NOT NULL,
  PRIMARY KEY (`id`)
) ENGINE=InnoDB DEFAULT CHARSET=utf8 AUTO_INCREMENT=1 ;

-- --------------------------------------------------------

--
-- Структура таблицы `users`
--

CREATE TABLE IF NOT EXISTS `users` (
  `id` int(11) NOT NULL AUTO_INCREMENT,
  `username` varchar(255) NOT NULL,
  `password` varchar(128) NOT NULL,
  `identity` varchar(1000) DEFAULT NULL,
  `network` varchar(255) DEFAULT NULL,
  `email` varchar(255) NOT NULL,
  `activkey` varchar(255) NOT NULL DEFAULT '',
  `create_at` timestamp NOT NULL DEFAULT CURRENT_TIMESTAMP,
  `lastvisit_at` timestamp NOT NULL DEFAULT '0000-00-00 00:00:00',
  `superuser` int(1) NOT NULL DEFAULT '0',
  `status` int(1) NOT NULL DEFAULT '0',
  PRIMARY KEY (`id`),
  UNIQUE KEY `username` (`username`),
  UNIQUE KEY `email` (`email`),
  KEY `status` (`status`),
  KEY `superuser` (`superuser`)
) ENGINE=InnoDB  DEFAULT CHARSET=utf8 AUTO_INCREMENT=7 ;

--
-- Дамп данных таблицы `users`
--

INSERT INTO `users` (`id`, `username`, `password`, `identity`, `network`, `email`, `activkey`, `create_at`, `lastvisit_at`, `superuser`, `status`) VALUES
(1, 'admin', '21232f297a57a5a743894a0e4a801fc3', '', NULL, 'webmaster@example.com', '9a24eff8c15a6a141ece27eb6947da0f', '2013-03-05 20:14:47', '2013-05-27 17:00:53', 1, 1),
(2, 'demo', 'fe01ce2a7fbac8fafaed7c982a04e229', '', NULL, 'demo@example.com', '099f825543f7850cc038b90aaff39fac', '2013-03-05 20:14:47', '2013-05-27 12:26:48', 0, 1),
(4, 'foreach@mail.ru', 'b95957765ee4d364d3337d3b0cace57b', 'https://www.facebook.com/profile.php?id=100001653371575', 'facebook', 'foreach@mail.ru', '4d89854bda02543bd9295ea98387ea02', '2013-04-28 11:27:45', '0000-00-00 00:00:00', 0, 1),
(5, 'vitaxa_prog@mail.ru', '1bbd886460827015e5d605ed44252251', NULL, NULL, 'vitaxa_prog@mail.ru', 'dbe5955ce7b884fb817075ebbe4439a6', '2013-04-28 11:31:34', '0000-00-00 00:00:00', 0, 0),
(6, 'xz@mail.ru', '1bbd886460827015e5d605ed44252251', NULL, NULL, 'xz@mail.ru', '8b29fe3b742aa08a36349ff2e25d25df', '2013-04-30 09:51:10', '0000-00-00 00:00:00', 0, 1);

-- --------------------------------------------------------

--
-- Структура таблицы `users_kupons`
--

CREATE TABLE IF NOT EXISTS `users_kupons` (
  `id` int(11) NOT NULL AUTO_INCREMENT,
  `user_id` int(11) NOT NULL,
  `kupon_id` int(11) NOT NULL,
  PRIMARY KEY (`id`),
  KEY `user_id` (`user_id`,`kupon_id`),
  KEY `kupon_id` (`kupon_id`)
) ENGINE=InnoDB DEFAULT CHARSET=utf8 AUTO_INCREMENT=1 ;

--
-- Ограничения внешнего ключа сохраненных таблиц
--

--
-- Ограничения внешнего ключа таблицы `ads`
--
ALTER TABLE `ads`
  ADD CONSTRAINT `ads_ibfk_1` FOREIGN KEY (`category_id`) REFERENCES `board_category` (`id`) ON DELETE CASCADE ON UPDATE NO ACTION,
  ADD CONSTRAINT `ads_ibfk_2` FOREIGN KEY (`city_id`) REFERENCES `cities` (`id_city`) ON DELETE CASCADE ON UPDATE NO ACTION,
  ADD CONSTRAINT `ads_ibfk_3` FOREIGN KEY (`user_id`) REFERENCES `users` (`id`) ON DELETE NO ACTION ON UPDATE NO ACTION,
  ADD CONSTRAINT `ads_ibfk_4` FOREIGN KEY (`type_id`) REFERENCES `types` (`id`) ON DELETE CASCADE ON UPDATE NO ACTION;

--
-- Ограничения внешнего ключа таблицы `ads_img`
--
ALTER TABLE `ads_img`
  ADD CONSTRAINT `ads_img_ibfk_1` FOREIGN KEY (`ads_id`) REFERENCES `ads` (`id`) ON DELETE CASCADE ON UPDATE NO ACTION;

--
-- Ограничения внешнего ключа таблицы `auto`
--
ALTER TABLE `auto`
  ADD CONSTRAINT `auto_ibfk_1` FOREIGN KEY (`category_id`) REFERENCES `auto_category` (`id`) ON DELETE CASCADE ON UPDATE NO ACTION,
  ADD CONSTRAINT `auto_ibfk_2` FOREIGN KEY (`city_id`) REFERENCES `cities` (`id_city`) ON DELETE CASCADE ON UPDATE NO ACTION,
  ADD CONSTRAINT `auto_ibfk_3` FOREIGN KEY (`user_id`) REFERENCES `users` (`id`) ON DELETE CASCADE ON UPDATE NO ACTION,
  ADD CONSTRAINT `auto_ibfk_4` FOREIGN KEY (`type_id`) REFERENCES `auto_types` (`id`) ON DELETE CASCADE ON UPDATE NO ACTION;

--
-- Ограничения внешнего ключа таблицы `auto_img`
--
ALTER TABLE `auto_img`
  ADD CONSTRAINT `auto_img_ibfk_1` FOREIGN KEY (`ads_id`) REFERENCES `auto` (`id`) ON DELETE CASCADE ON UPDATE NO ACTION;

--
-- Ограничения внешнего ключа таблицы `banners`
--
ALTER TABLE `banners`
  ADD CONSTRAINT `banners_ibfk_1` FOREIGN KEY (`city_id`) REFERENCES `cities` (`id_city`) ON DELETE CASCADE ON UPDATE CASCADE,
  ADD CONSTRAINT `banners_ibfk_2` FOREIGN KEY (`pos_id`) REFERENCES `pos_banner` (`id`) ON DELETE CASCADE ON UPDATE CASCADE;

--
-- Ограничения внешнего ключа таблицы `categories_company`
--
ALTER TABLE `categories_company`
  ADD CONSTRAINT `categories_company_ibfk_1` FOREIGN KEY (`parent_id`) REFERENCES `categories_company` (`id`) ON DELETE CASCADE ON UPDATE CASCADE;

--
-- Ограничения внешнего ключа таблицы `category_types`
--
ALTER TABLE `category_types`
  ADD CONSTRAINT `category_types_ibfk_1` FOREIGN KEY (`category_id`) REFERENCES `board_category` (`id`) ON DELETE CASCADE ON UPDATE NO ACTION,
  ADD CONSTRAINT `category_types_ibfk_2` FOREIGN KEY (`type_id`) REFERENCES `types` (`id`) ON DELETE CASCADE ON UPDATE NO ACTION;

--
-- Ограничения внешнего ключа таблицы `comments`
--
ALTER TABLE `comments`
  ADD CONSTRAINT `comments_ibfk_1` FOREIGN KEY (`kupon_id`) REFERENCES `kupons` (`id_kupon`) ON DELETE CASCADE ON UPDATE CASCADE,
  ADD CONSTRAINT `comments_ibfk_2` FOREIGN KEY (`user_id`) REFERENCES `users` (`id`) ON DELETE CASCADE ON UPDATE CASCADE;

--
-- Ограничения внешнего ключа таблицы `companies`
--
ALTER TABLE `companies`
  ADD CONSTRAINT `companies_ibfk_1` FOREIGN KEY (`city_id`) REFERENCES `cities` (`id_city`) ON DELETE CASCADE ON UPDATE NO ACTION,
  ADD CONSTRAINT `companies_ibfk_2` FOREIGN KEY (`category_id`) REFERENCES `categories_company` (`id`) ON DELETE CASCADE ON UPDATE NO ACTION,
  ADD CONSTRAINT `companies_ibfk_3` FOREIGN KEY (`user_id`) REFERENCES `users` (`id`) ON DELETE CASCADE ON UPDATE NO ACTION;

--
-- Ограничения внешнего ключа таблицы `companies_comments`
--
ALTER TABLE `companies_comments`
  ADD CONSTRAINT `companies_comments_ibfk_2` FOREIGN KEY (`parent_comment_id`) REFERENCES `companies_comments` (`comment_id`) ON DELETE CASCADE ON UPDATE SET NULL;

--
-- Ограничения внешнего ключа таблицы `companies_rating`
--
ALTER TABLE `companies_rating`
  ADD CONSTRAINT `companies_rating_ibfk_1` FOREIGN KEY (`user_id`) REFERENCES `users` (`id`) ON DELETE CASCADE ON UPDATE NO ACTION,
  ADD CONSTRAINT `companies_rating_ibfk_2` FOREIGN KEY (`company_id`) REFERENCES `companies` (`id`) ON DELETE CASCADE ON UPDATE NO ACTION;

--
-- Ограничения внешнего ключа таблицы `gallery`
--
ALTER TABLE `gallery`
  ADD CONSTRAINT `gallery_ibfk_1` FOREIGN KEY (`company_id`) REFERENCES `companies` (`id`) ON DELETE CASCADE ON UPDATE NO ACTION;

--
-- Ограничения внешнего ключа таблицы `kupons`
--
ALTER TABLE `kupons`
  ADD CONSTRAINT `kupons_ibfk_1` FOREIGN KEY (`city_id`) REFERENCES `cities` (`id_city`) ON DELETE CASCADE ON UPDATE NO ACTION,
  ADD CONSTRAINT `kupons_ibfk_2` FOREIGN KEY (`cat_id`) REFERENCES `categories_kupon` (`id`) ON DELETE CASCADE ON UPDATE NO ACTION,
  ADD CONSTRAINT `kupons_ibfk_3` FOREIGN KEY (`company_id`) REFERENCES `companies` (`id`) ON DELETE CASCADE ON UPDATE NO ACTION;

--
-- Ограничения внешнего ключа таблицы `kupons_active`
--
ALTER TABLE `kupons_active`
  ADD CONSTRAINT `kupons_active_ibfk_1` FOREIGN KEY (`user_id`) REFERENCES `users` (`id`) ON DELETE CASCADE ON UPDATE NO ACTION,
  ADD CONSTRAINT `kupons_active_ibfk_2` FOREIGN KEY (`kupon_id`) REFERENCES `kupons` (`id_kupon`) ON DELETE CASCADE ON UPDATE NO ACTION;

--
-- Ограничения внешнего ключа таблицы `news`
--
ALTER TABLE `news`
  ADD CONSTRAINT `news_ibfk_1` FOREIGN KEY (`id_city`) REFERENCES `cities` (`id_city`) ON DELETE CASCADE ON UPDATE NO ACTION;

--
-- Ограничения внешнего ключа таблицы `news_company`
--
ALTER TABLE `news_company`
  ADD CONSTRAINT `news_company_ibfk_1` FOREIGN KEY (`company_id`) REFERENCES `companies` (`id`) ON DELETE CASCADE ON UPDATE CASCADE;

--
-- Ограничения внешнего ключа таблицы `profiles`
--
ALTER TABLE `profiles`
  ADD CONSTRAINT `user_profile_id` FOREIGN KEY (`user_id`) REFERENCES `users` (`id`) ON DELETE CASCADE;

--
-- Ограничения внешнего ключа таблицы `rating`
--
ALTER TABLE `rating`
  ADD CONSTRAINT `rating_ibfk_1` FOREIGN KEY (`kupon_id`) REFERENCES `kupons` (`id_kupon`) ON DELETE CASCADE ON UPDATE CASCADE,
  ADD CONSTRAINT `rating_ibfk_2` FOREIGN KEY (`user_id`) REFERENCES `users` (`id`) ON DELETE CASCADE ON UPDATE CASCADE;

--
-- Ограничения внешнего ключа таблицы `realty`
--
ALTER TABLE `realty`
  ADD CONSTRAINT `realty_ibfk_1` FOREIGN KEY (`category_id`) REFERENCES `realty_category` (`id`) ON DELETE CASCADE ON UPDATE NO ACTION,
  ADD CONSTRAINT `realty_ibfk_2` FOREIGN KEY (`city_id`) REFERENCES `cities` (`id_city`) ON DELETE CASCADE ON UPDATE NO ACTION,
  ADD CONSTRAINT `realty_ibfk_3` FOREIGN KEY (`user_id`) REFERENCES `users` (`id`) ON DELETE CASCADE ON UPDATE NO ACTION,
  ADD CONSTRAINT `realty_ibfk_4` FOREIGN KEY (`type_id`) REFERENCES `realty_types` (`id`) ON DELETE CASCADE ON UPDATE NO ACTION;

--
-- Ограничения внешнего ключа таблицы `realty_img`
--
ALTER TABLE `realty_img`
  ADD CONSTRAINT `realty_img_ibfk_1` FOREIGN KEY (`ads_id`) REFERENCES `realty` (`id`) ON DELETE CASCADE ON UPDATE NO ACTION;

--
-- Ограничения внешнего ключа таблицы `stat_banner`
--
ALTER TABLE `stat_banner`
  ADD CONSTRAINT `stat_banner_ibfk_1` FOREIGN KEY (`banner_id`) REFERENCES `banners` (`id`) ON DELETE CASCADE ON UPDATE CASCADE,
  ADD CONSTRAINT `stat_banner_ibfk_2` FOREIGN KEY (`city_id`) REFERENCES `cities` (`id_city`) ON DELETE CASCADE ON UPDATE CASCADE,
  ADD CONSTRAINT `stat_banner_ibfk_3` FOREIGN KEY (`pos_id`) REFERENCES `pos_banner` (`id`) ON DELETE CASCADE ON UPDATE CASCADE;

--
-- Ограничения внешнего ключа таблицы `users_kupons`
--
ALTER TABLE `users_kupons`
  ADD CONSTRAINT `users_kupons_ibfk_1` FOREIGN KEY (`user_id`) REFERENCES `users` (`id`) ON DELETE CASCADE ON UPDATE NO ACTION,
  ADD CONSTRAINT `users_kupons_ibfk_2` FOREIGN KEY (`kupon_id`) REFERENCES `kupons` (`id_kupon`) ON DELETE CASCADE ON UPDATE NO ACTION;

/*!40101 SET CHARACTER_SET_CLIENT=@OLD_CHARACTER_SET_CLIENT */;
/*!40101 SET CHARACTER_SET_RESULTS=@OLD_CHARACTER_SET_RESULTS */;
/*!40101 SET COLLATION_CONNECTION=@OLD_COLLATION_CONNECTION */;
